"","≥Ø¬•","ø™∏Ì","weekday","on_off_total"
"2","2017-01-02","Ω≈√Ã","1",17662
"9","2017-01-09","Ω≈√Ã","1",17855
"16","2017-01-16","Ω≈√Ã","1",16951
"23","2017-01-23","Ω≈√Ã","1",16475
"37","2017-02-06","Ω≈√Ã","1",17436
"44","2017-02-13","Ω≈√Ã","1",17383
"51","2017-02-20","Ω≈√Ã","1",17602
"58","2017-02-27","Ω≈√Ã","1",18746
"65","2017-03-06","Ω≈√Ã","1",18690
"72","2017-03-13","Ω≈√Ã","1",19072
"79","2017-03-20","Ω≈√Ã","1",18351
"86","2017-03-27","Ω≈√Ã","1",17478
"93","2017-04-03","Ω≈√Ã","1",17552
"100","2017-04-10","Ω≈√Ã","1",17359
"107","2017-04-17","Ω≈√Ã","1",15295
"114","2017-04-24","Ω≈√Ã","1",16276
"121","2017-05-01","Ω≈√Ã","1",15609
"128","2017-05-08","Ω≈√Ã","1",18693
"135","2017-05-15","Ω≈√Ã","1",17522
"142","2017-05-22","Ω≈√Ã","1",16561
"149","2017-05-29","Ω≈√Ã","1",17456
"156","2017-06-05","Ω≈√Ã","1",17403
"163","2017-06-12","Ω≈√Ã","1",15024
"170","2017-06-19","Ω≈√Ã","1",15754
"177","2017-06-26","Ω≈√Ã","1",16937
"184","2017-07-03","Ω≈√Ã","1",18009
"191","2017-07-10","Ω≈√Ã","1",15457
"198","2017-07-17","Ω≈√Ã","1",16856
"205","2017-07-24","Ω≈√Ã","1",15710
"212","2017-07-31","Ω≈√Ã","1",15181
"219","2017-08-07","Ω≈√Ã","1",16108
"226","2017-08-14","Ω≈√Ã","1",16672
"233","2017-08-21","Ω≈√Ã","1",15976
"240","2017-08-28","Ω≈√Ã","1",16225
"247","2017-09-04","Ω≈√Ã","1",17707
"254","2017-09-11","Ω≈√Ã","1",17416
"261","2017-09-18","Ω≈√Ã","1",16997
"268","2017-09-25","Ω≈√Ã","1",17212
"289","2017-10-16","Ω≈√Ã","1",16916
"296","2017-10-23","Ω≈√Ã","1",16217
"303","2017-10-30","Ω≈√Ã","1",18140
"310","2017-11-06","Ω≈√Ã","1",17518
"317","2017-11-13","Ω≈√Ã","1",17821
"324","2017-11-20","Ω≈√Ã","1",17757
"331","2017-11-27","Ω≈√Ã","1",17825
"338","2017-12-04","Ω≈√Ã","1",17129
"345","2017-12-11","Ω≈√Ã","1",16663
"352","2017-12-18","Ω≈√Ã","1",17439
"359","2017-12-25","Ω≈√Ã","1",19191
"373","2018-01-08","Ω≈√Ã","1",16723
"380","2018-01-15","Ω≈√Ã","1",17504
"387","2018-01-22","Ω≈√Ã","1",16639
"394","2018-01-29","Ω≈√Ã","1",15667
"401","2018-02-05","Ω≈√Ã","1",16503
"408","2018-02-12","Ω≈√Ã","1",17793
"415","2018-02-19","Ω≈√Ã","1",16986
"422","2018-02-26","Ω≈√Ã","1",18780
"429","2018-03-05","Ω≈√Ã","1",18632
"436","2018-03-12","Ω≈√Ã","1",18751
"443","2018-03-19","Ω≈√Ã","1",18149
"450","2018-03-26","Ω≈√Ã","1",17360
"457","2018-04-02","Ω≈√Ã","1",17817
"464","2018-04-09","Ω≈√Ã","1",17719
"471","2018-04-16","Ω≈√Ã","1",17016
"478","2018-04-23","Ω≈√Ã","1",14666
"485","2018-04-30","Ω≈√Ã","1",18233
"499","2018-05-14","Ω≈√Ã","1",17668
"506","2018-05-21","Ω≈√Ã","1",19562
"513","2018-05-28","Ω≈√Ã","1",16988
"520","2018-06-04","Ω≈√Ã","1",17227
"527","2018-06-11","Ω≈√Ã","1",15759
"534","2018-06-18","Ω≈√Ã","1",15408
"541","2018-06-25","Ω≈√Ã","1",17621
"548","2018-07-02","Ω≈√Ã","1",16645
"555","2018-07-09","Ω≈√Ã","1",17062
"562","2018-07-16","Ω≈√Ã","1",17608
"569","2018-07-23","Ω≈√Ã","1",16837
"576","2018-07-30","Ω≈√Ã","1",15911
"583","2018-08-06","Ω≈√Ã","1",16854
"590","2018-08-13","Ω≈√Ã","1",16643
"597","2018-08-20","Ω≈√Ã","1",16661
"604","2018-08-27","Ω≈√Ã","1",16352
"611","2018-09-03","Ω≈√Ã","1",17866
"618","2018-09-10","Ω≈√Ã","1",18382
"625","2018-09-17","Ω≈√Ã","1",17893
"639","2018-10-01","Ω≈√Ã","1",17218
"646","2018-10-08","Ω≈√Ã","1",18832
"653","2018-10-15","Ω≈√Ã","1",16633
"660","2018-10-22","Ω≈√Ã","1",16373
"667","2018-10-29","Ω≈√Ã","1",18711
"674","2018-11-05","Ω≈√Ã","1",17802
"681","2018-11-12","Ω≈√Ã","1",18538
"688","2018-11-19","Ω≈√Ã","1",18576
"695","2018-11-26","Ω≈√Ã","1",17680
"702","2018-12-03","Ω≈√Ã","1",16458
"709","2018-12-10","Ω≈√Ã","1",16616
"716","2018-12-17","Ω≈√Ã","1",16784
"730","2018-12-31","Ω≈√Ã","1",18494
"737","2019-01-07","Ω≈√Ã","1",17030
"744","2019-01-14","Ω≈√Ã","1",16312
"751","2019-01-21","Ω≈√Ã","1",16202
"758","2019-01-28","Ω≈√Ã","1",16716
"772","2019-02-11","Ω≈√Ã","1",16444
"779","2019-02-18","Ω≈√Ã","1",16700
"786","2019-02-25","Ω≈√Ã","1",18005
"793","2019-03-04","Ω≈√Ã","1",18160
"800","2019-03-11","Ω≈√Ã","1",18916
"807","2019-03-18","Ω≈√Ã","1",18282
"814","2019-03-25","Ω≈√Ã","1",17790
"821","2019-04-01","Ω≈√Ã","1",17962
"828","2019-04-08","Ω≈√Ã","1",17674
"835","2019-04-15","Ω≈√Ã","1",16544
"842","2019-04-22","Ω≈√Ã","1",15497
"849","2019-04-29","Ω≈√Ã","1",17409
"863","2019-05-13","Ω≈√Ã","1",17241
"870","2019-05-20","Ω≈√Ã","1",17599
"877","2019-05-27","Ω≈√Ã","1",16981
"884","2019-06-03","Ω≈√Ã","1",16703
"891","2019-06-10","Ω≈√Ã","1",15834
"898","2019-06-17","Ω≈√Ã","1",15357
"905","2019-06-24","Ω≈√Ã","1",17928
"912","2019-07-01","Ω≈√Ã","1",17153
"919","2019-07-08","Ω≈√Ã","1",17189
"926","2019-07-15","Ω≈√Ã","1",17053
"933","2019-07-22","Ω≈√Ã","1",16403
"940","2019-07-29","Ω≈√Ã","1",16765
"947","2019-08-05","Ω≈√Ã","1",15973
"954","2019-08-12","Ω≈√Ã","1",16159
"961","2019-08-19","Ω≈√Ã","1",16950
"968","2019-08-26","Ω≈√Ã","1",16661
"975","2019-09-02","Ω≈√Ã","1",17871
"982","2019-09-09","Ω≈√Ã","1",18567
"989","2019-09-16","Ω≈√Ã","1",18106
"996","2019-09-23","Ω≈√Ã","1",18051
"1003","2019-09-30","Ω≈√Ã","1",17253
"1010","2019-10-07","Ω≈√Ã","1",16606
"1017","2019-10-14","Ω≈√Ã","1",16587
"1024","2019-10-21","Ω≈√Ã","1",16045
"1031","2019-10-28","Ω≈√Ã","1",17747
"1038","2019-11-04","Ω≈√Ã","1",18064
"1045","2019-11-11","Ω≈√Ã","1",18361
"1052","2019-11-18","Ω≈√Ã","1",18000
"1059","2019-11-25","Ω≈√Ã","1",17389
"1066","2019-12-02","Ω≈√Ã","1",17577
"1073","2019-12-09","Ω≈√Ã","1",16277
"1080","2019-12-16","Ω≈√Ã","1",16740
"1087","2019-12-23","Ω≈√Ã","1",19571
"1094","2019-12-30","Ω≈√Ã","1",19220
"3","2017-01-03","Ω≈√Ã","2",17848
"10","2017-01-10","Ω≈√Ã","2",18212
"17","2017-01-17","Ω≈√Ã","2",17797
"24","2017-01-24","Ω≈√Ã","2",17331
"31","2017-01-31","Ω≈√Ã","2",17065
"38","2017-02-07","Ω≈√Ã","2",18314
"45","2017-02-14","Ω≈√Ã","2",19484
"52","2017-02-21","Ω≈√Ã","2",17893
"59","2017-02-28","Ω≈√Ã","2",19081
"66","2017-03-07","Ω≈√Ã","2",19624
"73","2017-03-14","Ω≈√Ã","2",20333
"80","2017-03-21","Ω≈√Ã","2",18998
"87","2017-03-28","Ω≈√Ã","2",18757
"94","2017-04-04","Ω≈√Ã","2",18342
"101","2017-04-11","Ω≈√Ã","2",18175
"108","2017-04-18","Ω≈√Ã","2",15934
"115","2017-04-25","Ω≈√Ã","2",17665
"122","2017-05-02","Ω≈√Ã","2",19893
"136","2017-05-16","Ω≈√Ã","2",18218
"143","2017-05-23","Ω≈√Ã","2",18335
"150","2017-05-30","Ω≈√Ã","2",17651
"164","2017-06-13","Ω≈√Ã","2",16492
"171","2017-06-20","Ω≈√Ã","2",17326
"178","2017-06-27","Ω≈√Ã","2",17713
"185","2017-07-04","Ω≈√Ã","2",19012
"192","2017-07-11","Ω≈√Ã","2",18056
"199","2017-07-18","Ω≈√Ã","2",17514
"206","2017-07-25","Ω≈√Ã","2",16919
"213","2017-08-01","Ω≈√Ã","2",17568
"220","2017-08-08","Ω≈√Ã","2",16835
"234","2017-08-22","Ω≈√Ã","2",16624
"241","2017-08-29","Ω≈√Ã","2",16822
"248","2017-09-05","Ω≈√Ã","2",18988
"255","2017-09-12","Ω≈√Ã","2",18505
"262","2017-09-19","Ω≈√Ã","2",17981
"269","2017-09-26","Ω≈√Ã","2",18514
"283","2017-10-10","Ω≈√Ã","2",16388
"290","2017-10-17","Ω≈√Ã","2",17312
"297","2017-10-24","Ω≈√Ã","2",17368
"304","2017-10-31","Ω≈√Ã","2",18703
"311","2017-11-07","Ω≈√Ã","2",19514
"318","2017-11-14","Ω≈√Ã","2",18706
"325","2017-11-21","Ω≈√Ã","2",18449
"332","2017-11-28","Ω≈√Ã","2",18431
"339","2017-12-05","Ω≈√Ã","2",18129
"346","2017-12-12","Ω≈√Ã","2",16439
"353","2017-12-19","Ω≈√Ã","2",18460
"360","2017-12-26","Ω≈√Ã","2",19157
"367","2018-01-02","Ω≈√Ã","2",17639
"374","2018-01-09","Ω≈√Ã","2",17316
"381","2018-01-16","Ω≈√Ã","2",17352
"388","2018-01-23","Ω≈√Ã","2",16361
"395","2018-01-30","Ω≈√Ã","2",17596
"402","2018-02-06","Ω≈√Ã","2",16380
"409","2018-02-13","Ω≈√Ã","2",18174
"416","2018-02-20","Ω≈√Ã","2",18636
"423","2018-02-27","Ω≈√Ã","2",18211
"430","2018-03-06","Ω≈√Ã","2",19826
"437","2018-03-13","Ω≈√Ã","2",19614
"444","2018-03-20","Ω≈√Ã","2",19446
"451","2018-03-27","Ω≈√Ã","2",19227
"458","2018-04-03","Ω≈√Ã","2",18782
"465","2018-04-10","Ω≈√Ã","2",18494
"472","2018-04-17","Ω≈√Ã","2",17308
"479","2018-04-24","Ω≈√Ã","2",16748
"486","2018-05-01","Ω≈√Ã","2",15471
"493","2018-05-08","Ω≈√Ã","2",18380
"500","2018-05-15","Ω≈√Ã","2",19269
"514","2018-05-29","Ω≈√Ã","2",18624
"521","2018-06-05","Ω≈√Ã","2",18316
"528","2018-06-12","Ω≈√Ã","2",17567
"535","2018-06-19","Ω≈√Ã","2",16587
"542","2018-06-26","Ω≈√Ã","2",16441
"549","2018-07-03","Ω≈√Ã","2",17813
"556","2018-07-10","Ω≈√Ã","2",18459
"563","2018-07-17","Ω≈√Ã","2",17585
"570","2018-07-24","Ω≈√Ã","2",17505
"577","2018-07-31","Ω≈√Ã","2",16713
"584","2018-08-07","Ω≈√Ã","2",17882
"591","2018-08-14","Ω≈√Ã","2",18111
"598","2018-08-21","Ω≈√Ã","2",17473
"605","2018-08-28","Ω≈√Ã","2",17018
"612","2018-09-04","Ω≈√Ã","2",18871
"619","2018-09-11","Ω≈√Ã","2",18973
"626","2018-09-18","Ω≈√Ã","2",18565
"640","2018-10-02","Ω≈√Ã","2",19074
"654","2018-10-16","Ω≈√Ã","2",18399
"661","2018-10-23","Ω≈√Ã","2",17123
"668","2018-10-30","Ω≈√Ã","2",19317
"675","2018-11-06","Ω≈√Ã","2",18825
"682","2018-11-13","Ω≈√Ã","2",19526
"689","2018-11-20","Ω≈√Ã","2",19230
"696","2018-11-27","Ω≈√Ã","2",18448
"703","2018-12-04","Ω≈√Ã","2",17784
"710","2018-12-11","Ω≈√Ã","2",17092
"717","2018-12-18","Ω≈√Ã","2",17780
"724","2018-12-25","Ω≈√Ã","2",17624
"738","2019-01-08","Ω≈√Ã","2",17902
"745","2019-01-15","Ω≈√Ã","2",17021
"752","2019-01-22","Ω≈√Ã","2",17077
"759","2019-01-29","Ω≈√Ã","2",17335
"773","2019-02-12","Ω≈√Ã","2",17298
"780","2019-02-19","Ω≈√Ã","2",17174
"787","2019-02-26","Ω≈√Ã","2",17476
"794","2019-03-05","Ω≈√Ã","2",18276
"801","2019-03-12","Ω≈√Ã","2",18644
"808","2019-03-19","Ω≈√Ã","2",19022
"815","2019-03-26","Ω≈√Ã","2",18721
"822","2019-04-02","Ω≈√Ã","2",18239
"829","2019-04-09","Ω≈√Ã","2",18076
"836","2019-04-16","Ω≈√Ã","2",17389
"843","2019-04-23","Ω≈√Ã","2",15673
"850","2019-04-30","Ω≈√Ã","2",19573
"857","2019-05-07","Ω≈√Ã","2",17727
"864","2019-05-14","Ω≈√Ã","2",18408
"871","2019-05-21","Ω≈√Ã","2",18063
"878","2019-05-28","Ω≈√Ã","2",17952
"885","2019-06-04","Ω≈√Ã","2",17698
"892","2019-06-11","Ω≈√Ã","2",16729
"899","2019-06-18","Ω≈√Ã","2",16422
"906","2019-06-25","Ω≈√Ã","2",17988
"913","2019-07-02","Ω≈√Ã","2",17464
"920","2019-07-09","Ω≈√Ã","2",18125
"927","2019-07-16","Ω≈√Ã","2",17125
"934","2019-07-23","Ω≈√Ã","2",17277
"941","2019-07-30","Ω≈√Ã","2",16696
"948","2019-08-06","Ω≈√Ã","2",17211
"955","2019-08-13","Ω≈√Ã","2",17382
"962","2019-08-20","Ω≈√Ã","2",17483
"969","2019-08-27","Ω≈√Ã","2",17395
"976","2019-09-03","Ω≈√Ã","2",19031
"983","2019-09-10","Ω≈√Ã","2",19015
"990","2019-09-17","Ω≈√Ã","2",18965
"997","2019-09-24","Ω≈√Ã","2",18876
"1004","2019-10-01","Ω≈√Ã","2",18035
"1011","2019-10-08","Ω≈√Ã","2",19576
"1018","2019-10-15","Ω≈√Ã","2",18170
"1025","2019-10-22","Ω≈√Ã","2",17123
"1032","2019-10-29","Ω≈√Ã","2",19150
"1039","2019-11-05","Ω≈√Ã","2",18513
"1046","2019-11-12","Ω≈√Ã","2",18478
"1053","2019-11-19","Ω≈√Ã","2",18594
"1060","2019-11-26","Ω≈√Ã","2",18293
"1067","2019-12-03","Ω≈√Ã","2",18054
"1074","2019-12-10","Ω≈√Ã","2",17150
"1081","2019-12-17","Ω≈√Ã","2",17137
"1095","2019-12-31","Ω≈√Ã","2",18866
"4","2017-01-04","Ω≈√Ã","3",18132
"11","2017-01-11","Ω≈√Ã","3",18526
"18","2017-01-18","Ω≈√Ã","3",17600
"25","2017-01-25","Ω≈√Ã","3",18472
"32","2017-02-01","Ω≈√Ã","3",18046
"39","2017-02-08","Ω≈√Ã","3",18583
"46","2017-02-15","Ω≈√Ã","3",18180
"53","2017-02-22","Ω≈√Ã","3",17731
"60","2017-03-01","Ω≈√Ã","3",16531
"67","2017-03-08","Ω≈√Ã","3",20212
"74","2017-03-15","Ω≈√Ã","3",19651
"81","2017-03-22","Ω≈√Ã","3",19578
"88","2017-03-29","Ω≈√Ã","3",19099
"95","2017-04-05","Ω≈√Ã","3",18411
"102","2017-04-12","Ω≈√Ã","3",18088
"109","2017-04-19","Ω≈√Ã","3",16442
"116","2017-04-26","Ω≈√Ã","3",18384
"130","2017-05-10","Ω≈√Ã","3",17607
"137","2017-05-17","Ω≈√Ã","3",19218
"144","2017-05-24","Ω≈√Ã","3",18293
"151","2017-05-31","Ω≈√Ã","3",17583
"158","2017-06-07","Ω≈√Ã","3",16003
"165","2017-06-14","Ω≈√Ã","3",16507
"172","2017-06-21","Ω≈√Ã","3",18302
"179","2017-06-28","Ω≈√Ã","3",17775
"186","2017-07-05","Ω≈√Ã","3",19782
"193","2017-07-12","Ω≈√Ã","3",18361
"200","2017-07-19","Ω≈√Ã","3",17983
"207","2017-07-26","Ω≈√Ã","3",17768
"214","2017-08-02","Ω≈√Ã","3",17131
"221","2017-08-09","Ω≈√Ã","3",17874
"228","2017-08-16","Ω≈√Ã","3",17111
"235","2017-08-23","Ω≈√Ã","3",16911
"242","2017-08-30","Ω≈√Ã","3",17292
"249","2017-09-06","Ω≈√Ã","3",18882
"256","2017-09-13","Ω≈√Ã","3",18603
"263","2017-09-20","Ω≈√Ã","3",18788
"270","2017-09-27","Ω≈√Ã","3",18388
"284","2017-10-11","Ω≈√Ã","3",16922
"291","2017-10-18","Ω≈√Ã","3",16470
"298","2017-10-25","Ω≈√Ã","3",18135
"305","2017-11-01","Ω≈√Ã","3",18443
"312","2017-11-08","Ω≈√Ã","3",19312
"319","2017-11-15","Ω≈√Ã","3",19330
"326","2017-11-22","Ω≈√Ã","3",18608
"333","2017-11-29","Ω≈√Ã","3",19180
"340","2017-12-06","Ω≈√Ã","3",18348
"347","2017-12-13","Ω≈√Ã","3",17201
"354","2017-12-20","Ω≈√Ã","3",19011
"361","2017-12-27","Ω≈√Ã","3",19615
"368","2018-01-03","Ω≈√Ã","3",17896
"375","2018-01-10","Ω≈√Ã","3",18396
"382","2018-01-17","Ω≈√Ã","3",18584
"389","2018-01-24","Ω≈√Ã","3",16273
"396","2018-01-31","Ω≈√Ã","3",17186
"403","2018-02-07","Ω≈√Ã","3",17288
"410","2018-02-14","Ω≈√Ã","3",19931
"417","2018-02-21","Ω≈√Ã","3",19067
"424","2018-02-28","Ω≈√Ã","3",18565
"431","2018-03-07","Ω≈√Ã","3",19799
"445","2018-03-21","Ω≈√Ã","3",19482
"452","2018-03-28","Ω≈√Ã","3",19872
"459","2018-04-04","Ω≈√Ã","3",18961
"466","2018-04-11","Ω≈√Ã","3",18966
"473","2018-04-18","Ω≈√Ã","3",16993
"480","2018-04-25","Ω≈√Ã","3",18290
"487","2018-05-02","Ω≈√Ã","3",18675
"494","2018-05-09","Ω≈√Ã","3",19103
"501","2018-05-16","Ω≈√Ã","3",17943
"508","2018-05-23","Ω≈√Ã","3",17915
"515","2018-05-30","Ω≈√Ã","3",18411
"536","2018-06-20","Ω≈√Ã","3",17520
"543","2018-06-27","Ω≈√Ã","3",18335
"550","2018-07-04","Ω≈√Ã","3",18680
"557","2018-07-11","Ω≈√Ã","3",18274
"564","2018-07-18","Ω≈√Ã","3",18389
"571","2018-07-25","Ω≈√Ã","3",18376
"578","2018-08-01","Ω≈√Ã","3",17428
"585","2018-08-08","Ω≈√Ã","3",18016
"599","2018-08-22","Ω≈√Ã","3",17778
"606","2018-08-29","Ω≈√Ã","3",16932
"613","2018-09-05","Ω≈√Ã","3",19648
"620","2018-09-12","Ω≈√Ã","3",19598
"627","2018-09-19","Ω≈√Ã","3",20300
"648","2018-10-10","Ω≈√Ã","3",17504
"655","2018-10-17","Ω≈√Ã","3",17704
"662","2018-10-24","Ω≈√Ã","3",17657
"669","2018-10-31","Ω≈√Ã","3",19257
"676","2018-11-07","Ω≈√Ã","3",19046
"683","2018-11-14","Ω≈√Ã","3",18964
"690","2018-11-21","Ω≈√Ã","3",18786
"697","2018-11-28","Ω≈√Ã","3",18272
"704","2018-12-05","Ω≈√Ã","3",17560
"711","2018-12-12","Ω≈√Ã","3",17764
"718","2018-12-19","Ω≈√Ã","3",18564
"725","2018-12-26","Ω≈√Ã","3",19247
"732","2019-01-02","Ω≈√Ã","3",17600
"739","2019-01-09","Ω≈√Ã","3",17173
"746","2019-01-16","Ω≈√Ã","3",17805
"753","2019-01-23","Ω≈√Ã","3",17395
"760","2019-01-30","Ω≈√Ã","3",17648
"774","2019-02-13","Ω≈√Ã","3",17891
"781","2019-02-20","Ω≈√Ã","3",18482
"788","2019-02-27","Ω≈√Ã","3",17874
"795","2019-03-06","Ω≈√Ã","3",19112
"802","2019-03-13","Ω≈√Ã","3",19268
"809","2019-03-20","Ω≈√Ã","3",18373
"816","2019-03-27","Ω≈√Ã","3",19091
"823","2019-04-03","Ω≈√Ã","3",18626
"830","2019-04-10","Ω≈√Ã","3",18038
"837","2019-04-17","Ω≈√Ã","3",17337
"844","2019-04-24","Ω≈√Ã","3",16052
"851","2019-05-01","Ω≈√Ã","3",16208
"858","2019-05-08","Ω≈√Ã","3",18586
"865","2019-05-15","Ω≈√Ã","3",18973
"872","2019-05-22","Ω≈√Ã","3",18375
"879","2019-05-29","Ω≈√Ã","3",18246
"886","2019-06-05","Ω≈√Ã","3",18150
"893","2019-06-12","Ω≈√Ã","3",16894
"900","2019-06-19","Ω≈√Ã","3",16581
"907","2019-06-26","Ω≈√Ã","3",17832
"914","2019-07-03","Ω≈√Ã","3",18360
"921","2019-07-10","Ω≈√Ã","3",18223
"928","2019-07-17","Ω≈√Ã","3",17867
"935","2019-07-24","Ω≈√Ã","3",17572
"942","2019-07-31","Ω≈√Ã","3",16101
"949","2019-08-07","Ω≈√Ã","3",16894
"956","2019-08-14","Ω≈√Ã","3",18243
"963","2019-08-21","Ω≈√Ã","3",18494
"970","2019-08-28","Ω≈√Ã","3",17492
"977","2019-09-04","Ω≈√Ã","3",19724
"984","2019-09-11","Ω≈√Ã","3",19646
"991","2019-09-18","Ω≈√Ã","3",18777
"998","2019-09-25","Ω≈√Ã","3",19042
"1005","2019-10-02","Ω≈√Ã","3",19503
"1019","2019-10-16","Ω≈√Ã","3",18193
"1026","2019-10-23","Ω≈√Ã","3",17099
"1033","2019-10-30","Ω≈√Ã","3",19201
"1040","2019-11-06","Ω≈√Ã","3",19054
"1047","2019-11-13","Ω≈√Ã","3",17860
"1054","2019-11-20","Ω≈√Ã","3",18275
"1061","2019-11-27","Ω≈√Ã","3",18576
"1068","2019-12-04","Ω≈√Ã","3",18105
"1075","2019-12-11","Ω≈√Ã","3",17218
"1082","2019-12-18","Ω≈√Ã","3",18367
"1089","2019-12-25","Ω≈√Ã","3",17023
"5","2017-01-05","Ω≈√Ã","4",18547
"12","2017-01-12","Ω≈√Ã","4",18299
"19","2017-01-19","Ω≈√Ã","4",18349
"26","2017-01-26","Ω≈√Ã","4",19125
"33","2017-02-02","Ω≈√Ã","4",17652
"40","2017-02-09","Ω≈√Ã","4",18047
"47","2017-02-16","Ω≈√Ã","4",18786
"54","2017-02-23","Ω≈√Ã","4",18128
"61","2017-03-02","Ω≈√Ã","4",18655
"68","2017-03-09","Ω≈√Ã","4",20166
"75","2017-03-16","Ω≈√Ã","4",19765
"82","2017-03-23","Ω≈√Ã","4",19798
"89","2017-03-30","Ω≈√Ã","4",19032
"96","2017-04-06","Ω≈√Ã","4",18570
"103","2017-04-13","Ω≈√Ã","4",17789
"110","2017-04-20","Ω≈√Ã","4",16825
"117","2017-04-27","Ω≈√Ã","4",19002
"124","2017-05-04","Ω≈√Ã","4",19878
"131","2017-05-11","Ω≈√Ã","4",18431
"138","2017-05-18","Ω≈√Ã","4",19021
"145","2017-05-25","Ω≈√Ã","4",19745
"152","2017-06-01","Ω≈√Ã","4",18440
"159","2017-06-08","Ω≈√Ã","4",17762
"166","2017-06-15","Ω≈√Ã","4",16709
"173","2017-06-22","Ω≈√Ã","4",18405
"180","2017-06-29","Ω≈√Ã","4",18292
"187","2017-07-06","Ω≈√Ã","4",21036
"194","2017-07-13","Ω≈√Ã","4",17813
"201","2017-07-20","Ω≈√Ã","4",17806
"208","2017-07-27","Ω≈√Ã","4",17670
"215","2017-08-03","Ω≈√Ã","4",17118
"222","2017-08-10","Ω≈√Ã","4",17921
"229","2017-08-17","Ω≈√Ã","4",17684
"236","2017-08-24","Ω≈√Ã","4",16394
"243","2017-08-31","Ω≈√Ã","4",17451
"250","2017-09-07","Ω≈√Ã","4",19222
"257","2017-09-14","Ω≈√Ã","4",18365
"264","2017-09-21","Ω≈√Ã","4",18703
"271","2017-09-28","Ω≈√Ã","4",18881
"285","2017-10-12","Ω≈√Ã","4",18049
"292","2017-10-19","Ω≈√Ã","4",17377
"299","2017-10-26","Ω≈√Ã","4",18992
"306","2017-11-02","Ω≈√Ã","4",19053
"313","2017-11-09","Ω≈√Ã","4",19500
"320","2017-11-16","Ω≈√Ã","4",19684
"327","2017-11-23","Ω≈√Ã","4",19291
"334","2017-11-30","Ω≈√Ã","4",19204
"341","2017-12-07","Ω≈√Ã","4",19089
"348","2017-12-14","Ω≈√Ã","4",17952
"355","2017-12-21","Ω≈√Ã","4",19799
"362","2017-12-28","Ω≈√Ã","4",19462
"369","2018-01-04","Ω≈√Ã","4",17386
"376","2018-01-11","Ω≈√Ã","4",17582
"383","2018-01-18","Ω≈√Ã","4",18049
"390","2018-01-25","Ω≈√Ã","4",16848
"397","2018-02-01","Ω≈√Ã","4",17150
"404","2018-02-08","Ω≈√Ã","4",17479
"418","2018-02-22","Ω≈√Ã","4",18673
"432","2018-03-08","Ω≈√Ã","4",19812
"439","2018-03-15","Ω≈√Ã","4",19467
"446","2018-03-22","Ω≈√Ã","4",20179
"453","2018-03-29","Ω≈√Ã","4",18395
"460","2018-04-05","Ω≈√Ã","4",19292
"467","2018-04-12","Ω≈√Ã","4",19069
"474","2018-04-19","Ω≈√Ã","4",17162
"481","2018-04-26","Ω≈√Ã","4",19156
"488","2018-05-03","Ω≈√Ã","4",19203
"495","2018-05-10","Ω≈√Ã","4",19269
"502","2018-05-17","Ω≈√Ã","4",18439
"509","2018-05-24","Ω≈√Ã","4",18872
"516","2018-05-31","Ω≈√Ã","4",18306
"523","2018-06-07","Ω≈√Ã","4",17395
"530","2018-06-14","Ω≈√Ã","4",16262
"537","2018-06-21","Ω≈√Ã","4",18616
"544","2018-06-28","Ω≈√Ã","4",18134
"551","2018-07-05","Ω≈√Ã","4",18779
"558","2018-07-12","Ω≈√Ã","4",18661
"565","2018-07-19","Ω≈√Ã","4",18434
"572","2018-07-26","Ω≈√Ã","4",19351
"579","2018-08-02","Ω≈√Ã","4",17111
"586","2018-08-09","Ω≈√Ã","4",17977
"593","2018-08-16","Ω≈√Ã","4",17961
"600","2018-08-23","Ω≈√Ã","4",15997
"607","2018-08-30","Ω≈√Ã","4",18133
"614","2018-09-06","Ω≈√Ã","4",19980
"621","2018-09-13","Ω≈√Ã","4",18716
"628","2018-09-20","Ω≈√Ã","4",18641
"635","2018-09-27","Ω≈√Ã","4",17718
"642","2018-10-04","Ω≈√Ã","4",18812
"649","2018-10-11","Ω≈√Ã","4",18263
"656","2018-10-18","Ω≈√Ã","4",18173
"663","2018-10-25","Ω≈√Ã","4",19297
"670","2018-11-01","Ω≈√Ã","4",19808
"677","2018-11-08","Ω≈√Ã","4",18292
"684","2018-11-15","Ω≈√Ã","4",19355
"691","2018-11-22","Ω≈√Ã","4",20239
"698","2018-11-29","Ω≈√Ã","4",18940
"705","2018-12-06","Ω≈√Ã","4",18360
"712","2018-12-13","Ω≈√Ã","4",17710
"719","2018-12-20","Ω≈√Ã","4",18984
"726","2018-12-27","Ω≈√Ã","4",18874
"733","2019-01-03","Ω≈√Ã","4",17837
"740","2019-01-10","Ω≈√Ã","4",17795
"747","2019-01-17","Ω≈√Ã","4",18023
"754","2019-01-24","Ω≈√Ã","4",16828
"761","2019-01-31","Ω≈√Ã","4",17466
"768","2019-02-07","Ω≈√Ã","4",16759
"775","2019-02-14","Ω≈√Ã","4",18529
"782","2019-02-21","Ω≈√Ã","4",17902
"789","2019-02-28","Ω≈√Ã","4",19307
"796","2019-03-07","Ω≈√Ã","4",20087
"803","2019-03-14","Ω≈√Ã","4",20256
"810","2019-03-21","Ω≈√Ã","4",19376
"817","2019-03-28","Ω≈√Ã","4",19082
"824","2019-04-04","Ω≈√Ã","4",19048
"831","2019-04-11","Ω≈√Ã","4",18946
"838","2019-04-18","Ω≈√Ã","4",17522
"845","2019-04-25","Ω≈√Ã","4",16914
"852","2019-05-02","Ω≈√Ã","4",19521
"859","2019-05-09","Ω≈√Ã","4",18826
"866","2019-05-16","Ω≈√Ã","4",19253
"873","2019-05-23","Ω≈√Ã","4",18994
"880","2019-05-30","Ω≈√Ã","4",18646
"894","2019-06-13","Ω≈√Ã","4",17320
"901","2019-06-20","Ω≈√Ã","4",18146
"908","2019-06-27","Ω≈√Ã","4",17643
"915","2019-07-04","Ω≈√Ã","4",18635
"922","2019-07-11","Ω≈√Ã","4",18382
"929","2019-07-18","Ω≈√Ã","4",18091
"936","2019-07-25","Ω≈√Ã","4",16997
"943","2019-08-01","Ω≈√Ã","4",17170
"950","2019-08-08","Ω≈√Ã","4",17212
"964","2019-08-22","Ω≈√Ã","4",17357
"971","2019-08-29","Ω≈√Ã","4",17509
"978","2019-09-05","Ω≈√Ã","4",18366
"992","2019-09-19","Ω≈√Ã","4",19576
"999","2019-09-26","Ω≈√Ã","4",19250
"1013","2019-10-10","Ω≈√Ã","4",18487
"1020","2019-10-17","Ω≈√Ã","4",18340
"1027","2019-10-24","Ω≈√Ã","4",18084
"1034","2019-10-31","Ω≈√Ã","4",19328
"1041","2019-11-07","Ω≈√Ã","4",19656
"1048","2019-11-14","Ω≈√Ã","4",19732
"1055","2019-11-21","Ω≈√Ã","4",19385
"1062","2019-11-28","Ω≈√Ã","4",19123
"1069","2019-12-05","Ω≈√Ã","4",18925
"1076","2019-12-12","Ω≈√Ã","4",17842
"1083","2019-12-19","Ω≈√Ã","4",18788
"1090","2019-12-26","Ω≈√Ã","4",19414
"6","2017-01-06","Ω≈√Ã","5",20389
"13","2017-01-13","Ω≈√Ã","5",19848
"20","2017-01-20","Ω≈√Ã","5",19509
"34","2017-02-03","Ω≈√Ã","5",19763
"41","2017-02-10","Ω≈√Ã","5",19486
"48","2017-02-17","Ω≈√Ã","5",21031
"55","2017-02-24","Ω≈√Ã","5",19594
"62","2017-03-03","Ω≈√Ã","5",20768
"76","2017-03-17","Ω≈√Ã","5",22012
"83","2017-03-24","Ω≈√Ã","5",22196
"90","2017-03-31","Ω≈√Ã","5",20444
"97","2017-04-07","Ω≈√Ã","5",20503
"104","2017-04-14","Ω≈√Ã","5",17850
"111","2017-04-21","Ω≈√Ã","5",19228
"118","2017-04-28","Ω≈√Ã","5",21648
"132","2017-05-12","Ω≈√Ã","5",20035
"139","2017-05-19","Ω≈√Ã","5",21010
"146","2017-05-26","Ω≈√Ã","5",20956
"153","2017-06-02","Ω≈√Ã","5",19872
"160","2017-06-09","Ω≈√Ã","5",18151
"167","2017-06-16","Ω≈√Ã","5",18312
"174","2017-06-23","Ω≈√Ã","5",19847
"181","2017-06-30","Ω≈√Ã","5",22299
"188","2017-07-07","Ω≈√Ã","5",21499
"195","2017-07-14","Ω≈√Ã","5",19688
"202","2017-07-21","Ω≈√Ã","5",18867
"209","2017-07-28","Ω≈√Ã","5",17871
"216","2017-08-04","Ω≈√Ã","5",17997
"223","2017-08-11","Ω≈√Ã","5",19014
"230","2017-08-18","Ω≈√Ã","5",18750
"237","2017-08-25","Ω≈√Ã","5",18828
"244","2017-09-01","Ω≈√Ã","5",20250
"251","2017-09-08","Ω≈√Ã","5",20522
"258","2017-09-15","Ω≈√Ã","5",21753
"265","2017-09-22","Ω≈√Ã","5",20785
"272","2017-09-29","Ω≈√Ã","5",21727
"286","2017-10-13","Ω≈√Ã","5",20658
"293","2017-10-20","Ω≈√Ã","5",19108
"300","2017-10-27","Ω≈√Ã","5",21500
"307","2017-11-03","Ω≈√Ã","5",22449
"314","2017-11-10","Ω≈√Ã","5",21044
"321","2017-11-17","Ω≈√Ã","5",21122
"328","2017-11-24","Ω≈√Ã","5",22043
"335","2017-12-01","Ω≈√Ã","5",20546
"342","2017-12-08","Ω≈√Ã","5",20185
"349","2017-12-15","Ω≈√Ã","5",20186
"356","2017-12-22","Ω≈√Ã","5",23249
"363","2017-12-29","Ω≈√Ã","5",22450
"370","2018-01-05","Ω≈√Ã","5",19714
"377","2018-01-12","Ω≈√Ã","5",19025
"384","2018-01-19","Ω≈√Ã","5",19725
"391","2018-01-26","Ω≈√Ã","5",17765
"398","2018-02-02","Ω≈√Ã","5",19334
"405","2018-02-09","Ω≈√Ã","5",19361
"419","2018-02-23","Ω≈√Ã","5",20278
"426","2018-03-02","Ω≈√Ã","5",20404
"433","2018-03-09","Ω≈√Ã","5",22302
"440","2018-03-16","Ω≈√Ã","5",22895
"447","2018-03-23","Ω≈√Ã","5",22484
"454","2018-03-30","Ω≈√Ã","5",21050
"461","2018-04-06","Ω≈√Ã","5",21616
"468","2018-04-13","Ω≈√Ã","5",19940
"475","2018-04-20","Ω≈√Ã","5",18435
"482","2018-04-27","Ω≈√Ã","5",21247
"489","2018-05-04","Ω≈√Ã","5",22285
"496","2018-05-11","Ω≈√Ã","5",20760
"503","2018-05-18","Ω≈√Ã","5",21080
"510","2018-05-25","Ω≈√Ã","5",20292
"517","2018-06-01","Ω≈√Ã","5",20245
"524","2018-06-08","Ω≈√Ã","5",18362
"531","2018-06-15","Ω≈√Ã","5",17909
"538","2018-06-22","Ω≈√Ã","5",20607
"545","2018-06-29","Ω≈√Ã","5",19501
"552","2018-07-06","Ω≈√Ã","5",20456
"559","2018-07-13","Ω≈√Ã","5",20745
"566","2018-07-20","Ω≈√Ã","5",20065
"573","2018-07-27","Ω≈√Ã","5",19232
"580","2018-08-03","Ω≈√Ã","5",17809
"587","2018-08-10","Ω≈√Ã","5",18947
"594","2018-08-17","Ω≈√Ã","5",19519
"601","2018-08-24","Ω≈√Ã","5",17419
"608","2018-08-31","Ω≈√Ã","5",20211
"615","2018-09-07","Ω≈√Ã","5",21860
"622","2018-09-14","Ω≈√Ã","5",21558
"629","2018-09-21","Ω≈√Ã","5",20898
"636","2018-09-28","Ω≈√Ã","5",19965
"643","2018-10-05","Ω≈√Ã","5",19005
"650","2018-10-12","Ω≈√Ã","5",20099
"657","2018-10-19","Ω≈√Ã","5",19293
"664","2018-10-26","Ω≈√Ã","5",20264
"671","2018-11-02","Ω≈√Ã","5",21323
"678","2018-11-09","Ω≈√Ã","5",21293
"685","2018-11-16","Ω≈√Ã","5",21442
"692","2018-11-23","Ω≈√Ã","5",21220
"699","2018-11-30","Ω≈√Ã","5",20873
"706","2018-12-07","Ω≈√Ã","5",20477
"713","2018-12-14","Ω≈√Ã","5",19507
"720","2018-12-21","Ω≈√Ã","5",21872
"727","2018-12-28","Ω≈√Ã","5",20617
"734","2019-01-04","Ω≈√Ã","5",19108
"741","2019-01-11","Ω≈√Ã","5",19493
"748","2019-01-18","Ω≈√Ã","5",19558
"755","2019-01-25","Ω≈√Ã","5",18914
"762","2019-02-01","Ω≈√Ã","5",18889
"769","2019-02-08","Ω≈√Ã","5",18972
"776","2019-02-15","Ω≈√Ã","5",19377
"783","2019-02-22","Ω≈√Ã","5",20080
"797","2019-03-08","Ω≈√Ã","5",22338
"804","2019-03-15","Ω≈√Ã","5",21660
"811","2019-03-22","Ω≈√Ã","5",21914
"818","2019-03-29","Ω≈√Ã","5",21131
"825","2019-04-05","Ω≈√Ã","5",20839
"832","2019-04-12","Ω≈√Ã","5",22239
"839","2019-04-19","Ω≈√Ã","5",17996
"846","2019-04-26","Ω≈√Ã","5",19583
"853","2019-05-03","Ω≈√Ã","5",21301
"860","2019-05-10","Ω≈√Ã","5",20430
"867","2019-05-17","Ω≈√Ã","5",20038
"874","2019-05-24","Ω≈√Ã","5",20989
"881","2019-05-31","Ω≈√Ã","5",19748
"888","2019-06-07","Ω≈√Ã","5",17504
"895","2019-06-14","Ω≈√Ã","5",18212
"902","2019-06-21","Ω≈√Ã","5",20178
"909","2019-06-28","Ω≈√Ã","5",19594
"916","2019-07-05","Ω≈√Ã","5",20005
"923","2019-07-12","Ω≈√Ã","5",19387
"930","2019-07-19","Ω≈√Ã","5",19506
"937","2019-07-26","Ω≈√Ã","5",17713
"944","2019-08-02","Ω≈√Ã","5",18327
"951","2019-08-09","Ω≈√Ã","5",18448
"958","2019-08-16","Ω≈√Ã","5",17343
"965","2019-08-23","Ω≈√Ã","5",18582
"972","2019-08-30","Ω≈√Ã","5",19330
"979","2019-09-06","Ω≈√Ã","5",19989
"993","2019-09-20","Ω≈√Ã","5",23318
"1000","2019-09-27","Ω≈√Ã","5",20404
"1007","2019-10-04","Ω≈√Ã","5",19024
"1014","2019-10-11","Ω≈√Ã","5",18541
"1021","2019-10-18","Ω≈√Ã","5",18432
"1028","2019-10-25","Ω≈√Ã","5",20339
"1035","2019-11-01","Ω≈√Ã","5",21551
"1042","2019-11-08","Ω≈√Ã","5",21330
"1049","2019-11-15","Ω≈√Ã","5",20741
"1056","2019-11-22","Ω≈√Ã","5",21391
"1063","2019-11-29","Ω≈√Ã","5",20157
"1070","2019-12-06","Ω≈√Ã","5",19232
"1077","2019-12-13","Ω≈√Ã","5",19631
"1084","2019-12-20","Ω≈√Ã","5",21683
"1091","2019-12-27","Ω≈√Ã","5",21191
