,≥Ø¬•,ø™∏Ì,ø‰¿œ,real total
0,2017-01-01,Ω≈√Ã,¿œ,"9,552"
1,2017-01-02,Ω≈√Ã,ø˘,"17,662"
2,2017-01-03,Ω≈√Ã,»≠,"17,848"
3,2017-01-04,Ω≈√Ã,ºˆ,"18,132"
4,2017-01-05,Ω≈√Ã,∏Ò,"18,547"
5,2017-01-06,Ω≈√Ã,±›,"20,389"
6,2017-01-07,Ω≈√Ã,≈‰,"19,761"
7,2017-01-08,Ω≈√Ã,¿œ,"11,808"
8,2017-01-09,Ω≈√Ã,ø˘,"17,855"
9,2017-01-10,Ω≈√Ã,»≠,"18,212"
10,2017-01-11,Ω≈√Ã,ºˆ,"18,526"
11,2017-01-12,Ω≈√Ã,∏Ò,"18,299"
12,2017-01-13,Ω≈√Ã,±›,"19,848"
13,2017-01-14,Ω≈√Ã,≈‰,"19,806"
14,2017-01-15,Ω≈√Ã,¿œ,"12,365"
15,2017-01-16,Ω≈√Ã,ø˘,"16,951"
16,2017-01-17,Ω≈√Ã,»≠,"17,797"
17,2017-01-18,Ω≈√Ã,ºˆ,"17,600"
18,2017-01-19,Ω≈√Ã,∏Ò,"18,349"
19,2017-01-20,Ω≈√Ã,±›,"19,509"
20,2017-01-21,Ω≈√Ã,≈‰,"20,183"
21,2017-01-22,Ω≈√Ã,¿œ,"12,766"
22,2017-01-23,Ω≈√Ã,ø˘,"16,475"
23,2017-01-24,Ω≈√Ã,»≠,"17,331"
24,2017-01-25,Ω≈√Ã,ºˆ,"18,472"
25,2017-01-26,Ω≈√Ã,∏Ò,"19,125"
26,2017-01-27,Ω≈√Ã,±›,"7,867"
27,2017-01-28,Ω≈√Ã,≈‰,"4,795"
28,2017-01-29,Ω≈√Ã,¿œ,"8,469"
29,2017-01-30,Ω≈√Ã,ø˘,"12,238"
30,2017-01-31,Ω≈√Ã,»≠,"17,065"
31,2017-02-01,Ω≈√Ã,ºˆ,"18,046"
32,2017-02-02,Ω≈√Ã,∏Ò,"17,652"
33,2017-02-03,Ω≈√Ã,±›,"19,763"
34,2017-02-04,Ω≈√Ã,≈‰,"19,253"
35,2017-02-05,Ω≈√Ã,¿œ,"12,099"
36,2017-02-06,Ω≈√Ã,ø˘,"17,436"
37,2017-02-07,Ω≈√Ã,»≠,"18,314"
38,2017-02-08,Ω≈√Ã,ºˆ,"18,583"
39,2017-02-09,Ω≈√Ã,∏Ò,"18,047"
40,2017-02-10,Ω≈√Ã,±›,"19,486"
41,2017-02-11,Ω≈√Ã,≈‰,"20,093"
42,2017-02-12,Ω≈√Ã,¿œ,"13,103"
43,2017-02-13,Ω≈√Ã,ø˘,"17,383"
44,2017-02-14,Ω≈√Ã,»≠,"19,484"
45,2017-02-15,Ω≈√Ã,ºˆ,"18,180"
46,2017-02-16,Ω≈√Ã,∏Ò,"18,786"
47,2017-02-17,Ω≈√Ã,±›,"21,031"
48,2017-02-18,Ω≈√Ã,≈‰,"20,846"
49,2017-02-19,Ω≈√Ã,¿œ,"12,287"
50,2017-02-20,Ω≈√Ã,ø˘,"17,602"
51,2017-02-21,Ω≈√Ã,»≠,"17,893"
52,2017-02-22,Ω≈√Ã,ºˆ,"17,731"
53,2017-02-23,Ω≈√Ã,∏Ò,"18,128"
54,2017-02-24,Ω≈√Ã,±›,"19,594"
55,2017-02-25,Ω≈√Ã,≈‰,"22,063"
56,2017-02-26,Ω≈√Ã,¿œ,"13,729"
57,2017-02-27,Ω≈√Ã,ø˘,"18,746"
58,2017-02-28,Ω≈√Ã,»≠,"19,081"
59,2017-03-01,Ω≈√Ã,ºˆ,"16,531"
60,2017-03-02,Ω≈√Ã,∏Ò,"18,655"
61,2017-03-03,Ω≈√Ã,±›,"20,768"
62,2017-03-04,Ω≈√Ã,≈‰,"20,781"
63,2017-03-05,Ω≈√Ã,¿œ,"12,833"
64,2017-03-06,Ω≈√Ã,ø˘,"18,690"
65,2017-03-07,Ω≈√Ã,»≠,"19,624"
66,2017-03-08,Ω≈√Ã,ºˆ,"20,212"
67,2017-03-09,Ω≈√Ã,∏Ò,"20,166"
68,2017-03-10,Ω≈√Ã,±›,"24,180"
69,2017-03-11,Ω≈√Ã,≈‰,"22,167"
70,2017-03-12,Ω≈√Ã,¿œ,"13,635"
71,2017-03-13,Ω≈√Ã,ø˘,"19,072"
72,2017-03-14,Ω≈√Ã,»≠,"20,333"
73,2017-03-15,Ω≈√Ã,ºˆ,"19,651"
74,2017-03-16,Ω≈√Ã,∏Ò,"19,765"
75,2017-03-17,Ω≈√Ã,±›,"22,012"
76,2017-03-18,Ω≈√Ã,≈‰,"21,631"
77,2017-03-19,Ω≈√Ã,¿œ,"13,573"
78,2017-03-20,Ω≈√Ã,ø˘,"18,351"
79,2017-03-21,Ω≈√Ã,»≠,"18,998"
80,2017-03-22,Ω≈√Ã,ºˆ,"19,578"
81,2017-03-23,Ω≈√Ã,∏Ò,"19,798"
82,2017-03-24,Ω≈√Ã,±›,"22,196"
83,2017-03-25,Ω≈√Ã,≈‰,"20,903"
84,2017-03-26,Ω≈√Ã,¿œ,"13,529"
85,2017-03-27,Ω≈√Ã,ø˘,"17,478"
86,2017-03-28,Ω≈√Ã,»≠,"18,757"
87,2017-03-29,Ω≈√Ã,ºˆ,"19,099"
88,2017-03-30,Ω≈√Ã,∏Ò,"19,032"
89,2017-03-31,Ω≈√Ã,±›,"20,444"
90,2017-04-01,Ω≈√Ã,≈‰,"20,104"
91,2017-04-02,Ω≈√Ã,¿œ,"12,827"
92,2017-04-03,Ω≈√Ã,ø˘,"17,552"
93,2017-04-04,Ω≈√Ã,»≠,"18,342"
94,2017-04-05,Ω≈√Ã,ºˆ,"18,411"
95,2017-04-06,Ω≈√Ã,∏Ò,"18,570"
96,2017-04-07,Ω≈√Ã,±›,"20,503"
97,2017-04-08,Ω≈√Ã,≈‰,"20,170"
98,2017-04-09,Ω≈√Ã,¿œ,"12,164"
99,2017-04-10,Ω≈√Ã,ø˘,"17,359"
100,2017-04-11,Ω≈√Ã,»≠,"18,175"
101,2017-04-12,Ω≈√Ã,ºˆ,"18,088"
102,2017-04-13,Ω≈√Ã,∏Ò,"17,789"
103,2017-04-14,Ω≈√Ã,±›,"17,850"
104,2017-04-15,Ω≈√Ã,≈‰,"16,978"
105,2017-04-16,Ω≈√Ã,¿œ,"10,563"
106,2017-04-17,Ω≈√Ã,ø˘,"15,295"
107,2017-04-18,Ω≈√Ã,»≠,"15,934"
108,2017-04-19,Ω≈√Ã,ºˆ,"16,442"
109,2017-04-20,Ω≈√Ã,∏Ò,"16,825"
110,2017-04-21,Ω≈√Ã,±›,"19,228"
111,2017-04-22,Ω≈√Ã,≈‰,"16,711"
112,2017-04-23,Ω≈√Ã,¿œ,"10,572"
113,2017-04-24,Ω≈√Ã,ø˘,"16,276"
114,2017-04-25,Ω≈√Ã,»≠,"17,665"
115,2017-04-26,Ω≈√Ã,ºˆ,"18,384"
116,2017-04-27,Ω≈√Ã,∏Ò,"19,002"
117,2017-04-28,Ω≈√Ã,±›,"21,648"
118,2017-04-29,Ω≈√Ã,≈‰,"18,986"
119,2017-04-30,Ω≈√Ã,¿œ,"14,895"
120,2017-05-01,Ω≈√Ã,ø˘,"15,609"
121,2017-05-02,Ω≈√Ã,»≠,"19,893"
122,2017-05-03,Ω≈√Ã,ºˆ,"14,068"
123,2017-05-04,Ω≈√Ã,∏Ò,"19,878"
124,2017-05-05,Ω≈√Ã,±›,"14,483"
125,2017-05-06,Ω≈√Ã,≈‰,"13,547"
126,2017-05-07,Ω≈√Ã,¿œ,"10,260"
127,2017-05-08,Ω≈√Ã,ø˘,"18,693"
128,2017-05-09,Ω≈√Ã,»≠,"13,733"
129,2017-05-10,Ω≈√Ã,ºˆ,"17,607"
130,2017-05-11,Ω≈√Ã,∏Ò,"18,431"
131,2017-05-12,Ω≈√Ã,±›,"20,035"
132,2017-05-13,Ω≈√Ã,≈‰,"17,087"
133,2017-05-14,Ω≈√Ã,¿œ,"12,714"
134,2017-05-15,Ω≈√Ã,ø˘,"17,522"
135,2017-05-16,Ω≈√Ã,»≠,"18,218"
136,2017-05-17,Ω≈√Ã,ºˆ,"19,218"
137,2017-05-18,Ω≈√Ã,∏Ò,"19,021"
138,2017-05-19,Ω≈√Ã,±›,"21,010"
139,2017-05-20,Ω≈√Ã,≈‰,"17,933"
140,2017-05-21,Ω≈√Ã,¿œ,"12,245"
141,2017-05-22,Ω≈√Ã,ø˘,"16,561"
142,2017-05-23,Ω≈√Ã,»≠,"18,335"
143,2017-05-24,Ω≈√Ã,ºˆ,"18,293"
144,2017-05-25,Ω≈√Ã,∏Ò,"19,745"
145,2017-05-26,Ω≈√Ã,±›,"20,956"
146,2017-05-27,Ω≈√Ã,≈‰,"19,872"
147,2017-05-28,Ω≈√Ã,¿œ,"13,415"
148,2017-05-29,Ω≈√Ã,ø˘,"17,456"
149,2017-05-30,Ω≈√Ã,»≠,"17,651"
150,2017-05-31,Ω≈√Ã,ºˆ,"17,583"
151,2017-06-01,Ω≈√Ã,∏Ò,"18,440"
152,2017-06-02,Ω≈√Ã,±›,"19,872"
153,2017-06-03,Ω≈√Ã,≈‰,"16,761"
154,2017-06-04,Ω≈√Ã,¿œ,"10,828"
155,2017-06-05,Ω≈√Ã,ø˘,"17,403"
156,2017-06-06,Ω≈√Ã,»≠,"11,517"
157,2017-06-07,Ω≈√Ã,ºˆ,"16,003"
158,2017-06-08,Ω≈√Ã,∏Ò,"17,762"
159,2017-06-09,Ω≈√Ã,±›,"18,151"
160,2017-06-10,Ω≈√Ã,≈‰,"16,180"
161,2017-06-11,Ω≈√Ã,¿œ,"10,097"
162,2017-06-12,Ω≈√Ã,ø˘,"15,024"
163,2017-06-13,Ω≈√Ã,»≠,"16,492"
164,2017-06-14,Ω≈√Ã,ºˆ,"16,507"
165,2017-06-15,Ω≈√Ã,∏Ò,"16,709"
166,2017-06-16,Ω≈√Ã,±›,"18,312"
167,2017-06-17,Ω≈√Ã,≈‰,"15,787"
168,2017-06-18,Ω≈√Ã,¿œ,"10,186"
169,2017-06-19,Ω≈√Ã,ø˘,"15,754"
170,2017-06-20,Ω≈√Ã,»≠,"17,326"
171,2017-06-21,Ω≈√Ã,ºˆ,"18,302"
172,2017-06-22,Ω≈√Ã,∏Ò,"18,405"
173,2017-06-23,Ω≈√Ã,±›,"19,847"
174,2017-06-24,Ω≈√Ã,≈‰,"16,567"
175,2017-06-25,Ω≈√Ã,¿œ,"11,516"
176,2017-06-26,Ω≈√Ã,ø˘,"16,937"
177,2017-06-27,Ω≈√Ã,»≠,"17,713"
178,2017-06-28,Ω≈√Ã,ºˆ,"17,775"
179,2017-06-29,Ω≈√Ã,∏Ò,"18,292"
180,2017-06-30,Ω≈√Ã,±›,"22,299"
181,2017-07-01,Ω≈√Ã,≈‰,"19,674"
182,2017-07-02,Ω≈√Ã,¿œ,"12,287"
183,2017-07-03,Ω≈√Ã,ø˘,"18,009"
184,2017-07-04,Ω≈√Ã,»≠,"19,012"
185,2017-07-05,Ω≈√Ã,ºˆ,"19,782"
186,2017-07-06,Ω≈√Ã,∏Ò,"21,036"
187,2017-07-07,Ω≈√Ã,±›,"21,499"
188,2017-07-08,Ω≈√Ã,≈‰,"18,555"
189,2017-07-09,Ω≈√Ã,¿œ,"12,853"
190,2017-07-10,Ω≈√Ã,ø˘,"15,457"
191,2017-07-11,Ω≈√Ã,»≠,"18,056"
192,2017-07-12,Ω≈√Ã,ºˆ,"18,361"
193,2017-07-13,Ω≈√Ã,∏Ò,"17,813"
194,2017-07-14,Ω≈√Ã,±›,"19,688"
195,2017-07-15,Ω≈√Ã,≈‰,"16,503"
196,2017-07-16,Ω≈√Ã,¿œ,"12,005"
197,2017-07-17,Ω≈√Ã,ø˘,"16,856"
198,2017-07-18,Ω≈√Ã,»≠,"17,514"
199,2017-07-19,Ω≈√Ã,ºˆ,"17,983"
200,2017-07-20,Ω≈√Ã,∏Ò,"17,806"
201,2017-07-21,Ω≈√Ã,±›,"18,867"
202,2017-07-22,Ω≈√Ã,≈‰,"16,531"
203,2017-07-23,Ω≈√Ã,¿œ,"10,429"
204,2017-07-24,Ω≈√Ã,ø˘,"15,710"
205,2017-07-25,Ω≈√Ã,»≠,"16,919"
206,2017-07-26,Ω≈√Ã,ºˆ,"17,768"
207,2017-07-27,Ω≈√Ã,∏Ò,"17,670"
208,2017-07-28,Ω≈√Ã,±›,"17,871"
209,2017-07-29,Ω≈√Ã,≈‰,"15,788"
210,2017-07-30,Ω≈√Ã,¿œ,"12,878"
211,2017-07-31,Ω≈√Ã,ø˘,"15,181"
212,2017-08-01,Ω≈√Ã,»≠,"17,568"
213,2017-08-02,Ω≈√Ã,ºˆ,"17,131"
214,2017-08-03,Ω≈√Ã,∏Ò,"17,118"
215,2017-08-04,Ω≈√Ã,±›,"17,997"
216,2017-08-05,Ω≈√Ã,≈‰,"15,140"
217,2017-08-06,Ω≈√Ã,¿œ,"10,646"
218,2017-08-07,Ω≈√Ã,ø˘,"16,108"
219,2017-08-08,Ω≈√Ã,»≠,"16,835"
220,2017-08-09,Ω≈√Ã,ºˆ,"17,874"
221,2017-08-10,Ω≈√Ã,∏Ò,"17,921"
222,2017-08-11,Ω≈√Ã,±›,"19,014"
223,2017-08-12,Ω≈√Ã,≈‰,"15,031"
224,2017-08-13,Ω≈√Ã,¿œ,"11,887"
225,2017-08-14,Ω≈√Ã,ø˘,"16,672"
226,2017-08-15,Ω≈√Ã,»≠,"10,755"
227,2017-08-16,Ω≈√Ã,ºˆ,"17,111"
228,2017-08-17,Ω≈√Ã,∏Ò,"17,684"
229,2017-08-18,Ω≈√Ã,±›,"18,750"
230,2017-08-19,Ω≈√Ã,≈‰,"16,144"
231,2017-08-20,Ω≈√Ã,¿œ,"10,715"
232,2017-08-21,Ω≈√Ã,ø˘,"15,976"
233,2017-08-22,Ω≈√Ã,»≠,"16,624"
234,2017-08-23,Ω≈√Ã,ºˆ,"16,911"
235,2017-08-24,Ω≈√Ã,∏Ò,"16,394"
236,2017-08-25,Ω≈√Ã,±›,"18,828"
237,2017-08-26,Ω≈√Ã,≈‰,"16,556"
238,2017-08-27,Ω≈√Ã,¿œ,"11,696"
239,2017-08-28,Ω≈√Ã,ø˘,"16,225"
240,2017-08-29,Ω≈√Ã,»≠,"16,822"
241,2017-08-30,Ω≈√Ã,ºˆ,"17,292"
242,2017-08-31,Ω≈√Ã,∏Ò,"17,451"
243,2017-09-01,Ω≈√Ã,±›,"20,250"
244,2017-09-02,Ω≈√Ã,≈‰,"16,793"
245,2017-09-03,Ω≈√Ã,¿œ,"11,541"
246,2017-09-04,Ω≈√Ã,ø˘,"17,707"
247,2017-09-05,Ω≈√Ã,»≠,"18,988"
248,2017-09-06,Ω≈√Ã,ºˆ,"18,882"
249,2017-09-07,Ω≈√Ã,∏Ò,"19,222"
250,2017-09-08,Ω≈√Ã,±›,"20,522"
251,2017-09-09,Ω≈√Ã,≈‰,"17,291"
252,2017-09-10,Ω≈√Ã,¿œ,"11,780"
253,2017-09-11,Ω≈√Ã,ø˘,"17,416"
254,2017-09-12,Ω≈√Ã,»≠,"18,505"
255,2017-09-13,Ω≈√Ã,ºˆ,"18,603"
256,2017-09-14,Ω≈√Ã,∏Ò,"18,365"
257,2017-09-15,Ω≈√Ã,±›,"21,753"
258,2017-09-16,Ω≈√Ã,≈‰,"18,049"
259,2017-09-17,Ω≈√Ã,¿œ,"12,025"
260,2017-09-18,Ω≈√Ã,ø˘,"16,997"
261,2017-09-19,Ω≈√Ã,»≠,"17,981"
262,2017-09-20,Ω≈√Ã,ºˆ,"18,788"
263,2017-09-21,Ω≈√Ã,∏Ò,"18,703"
264,2017-09-22,Ω≈√Ã,±›,"20,785"
265,2017-09-23,Ω≈√Ã,≈‰,"22,405"
266,2017-09-24,Ω≈√Ã,¿œ,"11,437"
267,2017-09-25,Ω≈√Ã,ø˘,"17,212"
268,2017-09-26,Ω≈√Ã,»≠,"18,514"
269,2017-09-27,Ω≈√Ã,ºˆ,"18,388"
270,2017-09-28,Ω≈√Ã,∏Ò,"18,881"
271,2017-09-29,Ω≈√Ã,±›,"21,727"
272,2017-09-30,Ω≈√Ã,≈‰,"16,627"
273,2017-10-01,Ω≈√Ã,¿œ,"10,746"
274,2017-10-02,Ω≈√Ã,ø˘,"11,944"
275,2017-10-03,Ω≈√Ã,»≠,"7,177"
276,2017-10-04,Ω≈√Ã,ºˆ,"5,102"
277,2017-10-05,Ω≈√Ã,∏Ò,"8,004"
278,2017-10-06,Ω≈√Ã,±›,"10,754"
279,2017-10-07,Ω≈√Ã,≈‰,"12,361"
280,2017-10-08,Ω≈√Ã,¿œ,"11,427"
281,2017-10-09,Ω≈√Ã,ø˘,"10,972"
282,2017-10-10,Ω≈√Ã,»≠,"16,388"
283,2017-10-11,Ω≈√Ã,ºˆ,"16,922"
284,2017-10-12,Ω≈√Ã,∏Ò,"18,049"
285,2017-10-13,Ω≈√Ã,±›,"20,658"
286,2017-10-14,Ω≈√Ã,≈‰,"20,023"
287,2017-10-15,Ω≈√Ã,¿œ,"11,829"
288,2017-10-16,Ω≈√Ã,ø˘,"16,916"
289,2017-10-17,Ω≈√Ã,»≠,"17,312"
290,2017-10-18,Ω≈√Ã,ºˆ,"16,470"
291,2017-10-19,Ω≈√Ã,∏Ò,"17,377"
292,2017-10-20,Ω≈√Ã,±›,"19,108"
293,2017-10-21,Ω≈√Ã,≈‰,"17,410"
294,2017-10-22,Ω≈√Ã,¿œ,"11,228"
295,2017-10-23,Ω≈√Ã,ø˘,"16,217"
296,2017-10-24,Ω≈√Ã,»≠,"17,368"
297,2017-10-25,Ω≈√Ã,ºˆ,"18,135"
298,2017-10-26,Ω≈√Ã,∏Ò,"18,992"
299,2017-10-27,Ω≈√Ã,±›,"21,500"
300,2017-10-28,Ω≈√Ã,≈‰,"19,318"
301,2017-10-29,Ω≈√Ã,¿œ,"13,009"
302,2017-10-30,Ω≈√Ã,ø˘,"18,140"
303,2017-10-31,Ω≈√Ã,»≠,"18,703"
304,2017-11-01,Ω≈√Ã,ºˆ,"18,443"
305,2017-11-02,Ω≈√Ã,∏Ò,"19,053"
306,2017-11-03,Ω≈√Ã,±›,"22,449"
307,2017-11-04,Ω≈√Ã,≈‰,"19,410"
308,2017-11-05,Ω≈√Ã,¿œ,"12,833"
309,2017-11-06,Ω≈√Ã,ø˘,"17,518"
310,2017-11-07,Ω≈√Ã,»≠,"19,514"
311,2017-11-08,Ω≈√Ã,ºˆ,"19,312"
312,2017-11-09,Ω≈√Ã,∏Ò,"19,500"
313,2017-11-10,Ω≈√Ã,±›,"21,044"
314,2017-11-11,Ω≈√Ã,≈‰,"21,280"
315,2017-11-12,Ω≈√Ã,¿œ,"13,027"
316,2017-11-13,Ω≈√Ã,ø˘,"17,821"
317,2017-11-14,Ω≈√Ã,»≠,"18,706"
318,2017-11-15,Ω≈√Ã,ºˆ,"19,330"
319,2017-11-16,Ω≈√Ã,∏Ò,"19,684"
320,2017-11-17,Ω≈√Ã,±›,"21,122"
321,2017-11-18,Ω≈√Ã,≈‰,"19,867"
322,2017-11-19,Ω≈√Ã,¿œ,"12,588"
323,2017-11-20,Ω≈√Ã,ø˘,"17,757"
324,2017-11-21,Ω≈√Ã,»≠,"18,449"
325,2017-11-22,Ω≈√Ã,ºˆ,"18,608"
326,2017-11-23,Ω≈√Ã,∏Ò,"19,291"
327,2017-11-24,Ω≈√Ã,±›,"22,043"
328,2017-11-25,Ω≈√Ã,≈‰,"22,795"
329,2017-11-26,Ω≈√Ã,¿œ,"13,882"
330,2017-11-27,Ω≈√Ã,ø˘,"17,825"
331,2017-11-28,Ω≈√Ã,»≠,"18,431"
332,2017-11-29,Ω≈√Ã,ºˆ,"19,180"
333,2017-11-30,Ω≈√Ã,∏Ò,"19,204"
334,2017-12-01,Ω≈√Ã,±›,"20,546"
335,2017-12-02,Ω≈√Ã,≈‰,"19,065"
336,2017-12-03,Ω≈√Ã,¿œ,"12,522"
337,2017-12-04,Ω≈√Ã,ø˘,"17,129"
338,2017-12-05,Ω≈√Ã,»≠,"18,129"
339,2017-12-06,Ω≈√Ã,ºˆ,"18,348"
340,2017-12-07,Ω≈√Ã,∏Ò,"19,089"
341,2017-12-08,Ω≈√Ã,±›,"20,185"
342,2017-12-09,Ω≈√Ã,≈‰,"19,218"
343,2017-12-10,Ω≈√Ã,¿œ,"11,438"
344,2017-12-11,Ω≈√Ã,ø˘,"16,663"
345,2017-12-12,Ω≈√Ã,»≠,"16,439"
346,2017-12-13,Ω≈√Ã,ºˆ,"17,201"
347,2017-12-14,Ω≈√Ã,∏Ò,"17,952"
348,2017-12-15,Ω≈√Ã,±›,"20,186"
349,2017-12-16,Ω≈√Ã,≈‰,"20,266"
350,2017-12-17,Ω≈√Ã,¿œ,"11,694"
351,2017-12-18,Ω≈√Ã,ø˘,"17,439"
352,2017-12-19,Ω≈√Ã,»≠,"18,460"
353,2017-12-20,Ω≈√Ã,ºˆ,"19,011"
354,2017-12-21,Ω≈√Ã,∏Ò,"19,799"
355,2017-12-22,Ω≈√Ã,±›,"23,249"
356,2017-12-23,Ω≈√Ã,≈‰,"22,278"
357,2017-12-24,Ω≈√Ã,¿œ,"17,748"
358,2017-12-25,Ω≈√Ã,ø˘,"19,191"
359,2017-12-26,Ω≈√Ã,»≠,"19,157"
360,2017-12-27,Ω≈√Ã,ºˆ,"19,615"
361,2017-12-28,Ω≈√Ã,∏Ò,"19,462"
362,2017-12-29,Ω≈√Ã,±›,"22,450"
363,2017-12-30,Ω≈√Ã,≈‰,"17,477"
364,2017-12-31,Ω≈√Ã,¿œ,"12,581"
365,2018-01-01,Ω≈√Ã,ø˘,"9,158"
366,2018-01-02,Ω≈√Ã,»≠,"17,639"
367,2018-01-03,Ω≈√Ã,ºˆ,"17,896"
368,2018-01-04,Ω≈√Ã,∏Ò,"17,386"
369,2018-01-05,Ω≈√Ã,±›,"19,714"
370,2018-01-06,Ω≈√Ã,≈‰,"17,306"
371,2018-01-07,Ω≈√Ã,¿œ,"11,341"
372,2018-01-08,Ω≈√Ã,ø˘,"16,723"
373,2018-01-09,Ω≈√Ã,»≠,"17,316"
374,2018-01-10,Ω≈√Ã,ºˆ,"18,396"
375,2018-01-11,Ω≈√Ã,∏Ò,"17,582"
376,2018-01-12,Ω≈√Ã,±›,"19,025"
377,2018-01-13,Ω≈√Ã,≈‰,"17,570"
378,2018-01-14,Ω≈√Ã,¿œ,"11,820"
379,2018-01-15,Ω≈√Ã,ø˘,"17,504"
380,2018-01-16,Ω≈√Ã,»≠,"17,352"
381,2018-01-17,Ω≈√Ã,ºˆ,"18,584"
382,2018-01-18,Ω≈√Ã,∏Ò,"18,049"
383,2018-01-19,Ω≈√Ã,±›,"19,725"
384,2018-01-20,Ω≈√Ã,≈‰,"17,805"
385,2018-01-21,Ω≈√Ã,¿œ,"11,875"
386,2018-01-22,Ω≈√Ã,ø˘,"16,639"
387,2018-01-23,Ω≈√Ã,»≠,"16,361"
388,2018-01-24,Ω≈√Ã,ºˆ,"16,273"
389,2018-01-25,Ω≈√Ã,∏Ò,"16,848"
390,2018-01-26,Ω≈√Ã,±›,"17,765"
391,2018-01-27,Ω≈√Ã,≈‰,"16,135"
392,2018-01-28,Ω≈√Ã,¿œ,"11,709"
393,2018-01-29,Ω≈√Ã,ø˘,"15,667"
394,2018-01-30,Ω≈√Ã,»≠,"17,596"
395,2018-01-31,Ω≈√Ã,ºˆ,"17,186"
396,2018-02-01,Ω≈√Ã,∏Ò,"17,150"
397,2018-02-02,Ω≈√Ã,±›,"19,334"
398,2018-02-03,Ω≈√Ã,≈‰,"17,149"
399,2018-02-04,Ω≈√Ã,¿œ,"11,186"
400,2018-02-05,Ω≈√Ã,ø˘,"16,503"
401,2018-02-06,Ω≈√Ã,»≠,"16,380"
402,2018-02-07,Ω≈√Ã,ºˆ,"17,288"
403,2018-02-08,Ω≈√Ã,∏Ò,"17,479"
404,2018-02-09,Ω≈√Ã,±›,"19,361"
405,2018-02-10,Ω≈√Ã,≈‰,"18,110"
406,2018-02-11,Ω≈√Ã,¿œ,"12,111"
407,2018-02-12,Ω≈√Ã,ø˘,"17,793"
408,2018-02-13,Ω≈√Ã,»≠,"18,174"
409,2018-02-14,Ω≈√Ã,ºˆ,"19,931"
410,2018-02-15,Ω≈√Ã,∏Ò,"7,047"
411,2018-02-16,Ω≈√Ã,±›,"4,446"
412,2018-02-17,Ω≈√Ã,≈‰,"9,358"
413,2018-02-18,Ω≈√Ã,¿œ,"10,456"
414,2018-02-19,Ω≈√Ã,ø˘,"16,986"
415,2018-02-20,Ω≈√Ã,»≠,"18,636"
416,2018-02-21,Ω≈√Ã,ºˆ,"19,067"
417,2018-02-22,Ω≈√Ã,∏Ò,"18,673"
418,2018-02-23,Ω≈√Ã,±›,"20,278"
419,2018-02-24,Ω≈√Ã,≈‰,"19,646"
420,2018-02-25,Ω≈√Ã,¿œ,"13,084"
421,2018-02-26,Ω≈√Ã,ø˘,"18,780"
422,2018-02-27,Ω≈√Ã,»≠,"18,211"
423,2018-02-28,Ω≈√Ã,ºˆ,"18,565"
424,2018-03-01,Ω≈√Ã,∏Ò,"14,763"
425,2018-03-02,Ω≈√Ã,±›,"20,404"
426,2018-03-03,Ω≈√Ã,≈‰,"18,284"
427,2018-03-04,Ω≈√Ã,¿œ,"11,521"
428,2018-03-05,Ω≈√Ã,ø˘,"18,632"
429,2018-03-06,Ω≈√Ã,»≠,"19,826"
430,2018-03-07,Ω≈√Ã,ºˆ,"19,799"
431,2018-03-08,Ω≈√Ã,∏Ò,"19,812"
432,2018-03-09,Ω≈√Ã,±›,"22,302"
433,2018-03-10,Ω≈√Ã,≈‰,"20,605"
434,2018-03-11,Ω≈√Ã,¿œ,"13,354"
435,2018-03-12,Ω≈√Ã,ø˘,"18,751"
436,2018-03-13,Ω≈√Ã,»≠,"19,614"
437,2018-03-14,Ω≈√Ã,ºˆ,"20,853"
438,2018-03-15,Ω≈√Ã,∏Ò,"19,467"
439,2018-03-16,Ω≈√Ã,±›,"22,895"
440,2018-03-17,Ω≈√Ã,≈‰,"21,225"
441,2018-03-18,Ω≈√Ã,¿œ,"13,221"
442,2018-03-19,Ω≈√Ã,ø˘,"18,149"
443,2018-03-20,Ω≈√Ã,»≠,"19,446"
444,2018-03-21,Ω≈√Ã,ºˆ,"19,482"
445,2018-03-22,Ω≈√Ã,∏Ò,"20,179"
446,2018-03-23,Ω≈√Ã,±›,"22,484"
447,2018-03-24,Ω≈√Ã,≈‰,"21,848"
448,2018-03-25,Ω≈√Ã,¿œ,"13,402"
449,2018-03-26,Ω≈√Ã,ø˘,"17,360"
450,2018-03-27,Ω≈√Ã,»≠,"19,227"
451,2018-03-28,Ω≈√Ã,ºˆ,"19,872"
452,2018-03-29,Ω≈√Ã,∏Ò,"18,395"
453,2018-03-30,Ω≈√Ã,±›,"21,050"
454,2018-03-31,Ω≈√Ã,≈‰,"18,952"
455,2018-04-01,Ω≈√Ã,¿œ,"13,158"
456,2018-04-02,Ω≈√Ã,ø˘,"17,817"
457,2018-04-03,Ω≈√Ã,»≠,"18,782"
458,2018-04-04,Ω≈√Ã,ºˆ,"18,961"
459,2018-04-05,Ω≈√Ã,∏Ò,"19,292"
460,2018-04-06,Ω≈√Ã,±›,"21,616"
461,2018-04-07,Ω≈√Ã,≈‰,"19,376"
462,2018-04-08,Ω≈√Ã,¿œ,"13,674"
463,2018-04-09,Ω≈√Ã,ø˘,"17,719"
464,2018-04-10,Ω≈√Ã,»≠,"18,494"
465,2018-04-11,Ω≈√Ã,ºˆ,"18,966"
466,2018-04-12,Ω≈√Ã,∏Ò,"19,069"
467,2018-04-13,Ω≈√Ã,±›,"19,940"
468,2018-04-14,Ω≈√Ã,≈‰,"16,109"
469,2018-04-15,Ω≈√Ã,¿œ,"11,151"
470,2018-04-16,Ω≈√Ã,ø˘,"17,016"
471,2018-04-17,Ω≈√Ã,»≠,"17,308"
472,2018-04-18,Ω≈√Ã,ºˆ,"16,993"
473,2018-04-19,Ω≈√Ã,∏Ò,"17,162"
474,2018-04-20,Ω≈√Ã,±›,"18,435"
475,2018-04-21,Ω≈√Ã,≈‰,"15,093"
476,2018-04-22,Ω≈√Ã,¿œ,"9,573"
477,2018-04-23,Ω≈√Ã,ø˘,"14,666"
478,2018-04-24,Ω≈√Ã,»≠,"16,748"
479,2018-04-25,Ω≈√Ã,ºˆ,"18,290"
480,2018-04-26,Ω≈√Ã,∏Ò,"19,156"
481,2018-04-27,Ω≈√Ã,±›,"21,247"
482,2018-04-28,Ω≈√Ã,≈‰,"18,534"
483,2018-04-29,Ω≈√Ã,¿œ,"12,344"
484,2018-04-30,Ω≈√Ã,ø˘,"18,233"
485,2018-05-01,Ω≈√Ã,»≠,"15,471"
486,2018-05-02,Ω≈√Ã,ºˆ,"18,675"
487,2018-05-03,Ω≈√Ã,∏Ò,"19,203"
488,2018-05-04,Ω≈√Ã,±›,"22,285"
489,2018-05-05,Ω≈√Ã,≈‰,"16,946"
490,2018-05-06,Ω≈√Ã,¿œ,"12,597"
491,2018-05-07,Ω≈√Ã,ø˘,"12,823"
492,2018-05-08,Ω≈√Ã,»≠,"18,380"
493,2018-05-09,Ω≈√Ã,ºˆ,"19,103"
494,2018-05-10,Ω≈√Ã,∏Ò,"19,269"
495,2018-05-11,Ω≈√Ã,±›,"20,760"
496,2018-05-12,Ω≈√Ã,≈‰,"17,065"
497,2018-05-13,Ω≈√Ã,¿œ,"11,961"
498,2018-05-14,Ω≈√Ã,ø˘,"17,668"
499,2018-05-15,Ω≈√Ã,»≠,"19,269"
500,2018-05-16,Ω≈√Ã,ºˆ,"17,943"
501,2018-05-17,Ω≈√Ã,∏Ò,"18,439"
502,2018-05-18,Ω≈√Ã,±›,"21,080"
503,2018-05-19,Ω≈√Ã,≈‰,"18,268"
504,2018-05-20,Ω≈√Ã,¿œ,"12,179"
505,2018-05-21,Ω≈√Ã,ø˘,"19,562"
506,2018-05-22,Ω≈√Ã,»≠,"12,594"
507,2018-05-23,Ω≈√Ã,ºˆ,"17,915"
508,2018-05-24,Ω≈√Ã,∏Ò,"18,872"
509,2018-05-25,Ω≈√Ã,±›,"20,292"
510,2018-05-26,Ω≈√Ã,≈‰,"19,756"
511,2018-05-27,Ω≈√Ã,¿œ,"13,003"
512,2018-05-28,Ω≈√Ã,ø˘,"16,988"
513,2018-05-29,Ω≈√Ã,»≠,"18,624"
514,2018-05-30,Ω≈√Ã,ºˆ,"18,411"
515,2018-05-31,Ω≈√Ã,∏Ò,"18,306"
516,2018-06-01,Ω≈√Ã,±›,"20,245"
517,2018-06-02,Ω≈√Ã,≈‰,"18,431"
518,2018-06-03,Ω≈√Ã,¿œ,"10,812"
519,2018-06-04,Ω≈√Ã,ø˘,"17,227"
520,2018-06-05,Ω≈√Ã,»≠,"18,316"
521,2018-06-06,Ω≈√Ã,ºˆ,"11,734"
522,2018-06-07,Ω≈√Ã,∏Ò,"17,395"
523,2018-06-08,Ω≈√Ã,±›,"18,362"
524,2018-06-09,Ω≈√Ã,≈‰,"15,485"
525,2018-06-10,Ω≈√Ã,¿œ,"9,779"
526,2018-06-11,Ω≈√Ã,ø˘,"15,759"
527,2018-06-12,Ω≈√Ã,»≠,"17,567"
528,2018-06-13,Ω≈√Ã,ºˆ,"10,712"
529,2018-06-14,Ω≈√Ã,∏Ò,"16,262"
530,2018-06-15,Ω≈√Ã,±›,"17,909"
531,2018-06-16,Ω≈√Ã,≈‰,"14,747"
532,2018-06-17,Ω≈√Ã,¿œ,"9,439"
533,2018-06-18,Ω≈√Ã,ø˘,"15,408"
534,2018-06-19,Ω≈√Ã,»≠,"16,587"
535,2018-06-20,Ω≈√Ã,ºˆ,"17,520"
536,2018-06-21,Ω≈√Ã,∏Ò,"18,616"
537,2018-06-22,Ω≈√Ã,±›,"20,607"
538,2018-06-23,Ω≈√Ã,≈‰,"17,212"
539,2018-06-24,Ω≈√Ã,¿œ,"11,326"
540,2018-06-25,Ω≈√Ã,ø˘,"17,621"
541,2018-06-26,Ω≈√Ã,»≠,"16,441"
542,2018-06-27,Ω≈√Ã,ºˆ,"18,335"
543,2018-06-28,Ω≈√Ã,∏Ò,"18,134"
544,2018-06-29,Ω≈√Ã,±›,"19,501"
545,2018-06-30,Ω≈√Ã,≈‰,"16,291"
546,2018-07-01,Ω≈√Ã,¿œ,"10,002"
547,2018-07-02,Ω≈√Ã,ø˘,"16,645"
548,2018-07-03,Ω≈√Ã,»≠,"17,813"
549,2018-07-04,Ω≈√Ã,ºˆ,"18,680"
550,2018-07-05,Ω≈√Ã,∏Ò,"18,779"
551,2018-07-06,Ω≈√Ã,±›,"20,456"
552,2018-07-07,Ω≈√Ã,≈‰,"18,732"
553,2018-07-08,Ω≈√Ã,¿œ,"13,227"
554,2018-07-09,Ω≈√Ã,ø˘,"17,062"
555,2018-07-10,Ω≈√Ã,»≠,"18,459"
556,2018-07-11,Ω≈√Ã,ºˆ,"18,274"
557,2018-07-12,Ω≈√Ã,∏Ò,"18,661"
558,2018-07-13,Ω≈√Ã,±›,"20,745"
559,2018-07-14,Ω≈√Ã,≈‰,"17,166"
560,2018-07-15,Ω≈√Ã,¿œ,"11,825"
561,2018-07-16,Ω≈√Ã,ø˘,"17,608"
562,2018-07-17,Ω≈√Ã,»≠,"17,585"
563,2018-07-18,Ω≈√Ã,ºˆ,"18,389"
564,2018-07-19,Ω≈√Ã,∏Ò,"18,434"
565,2018-07-20,Ω≈√Ã,±›,"20,065"
566,2018-07-21,Ω≈√Ã,≈‰,"16,049"
567,2018-07-22,Ω≈√Ã,¿œ,"10,788"
568,2018-07-23,Ω≈√Ã,ø˘,"16,837"
569,2018-07-24,Ω≈√Ã,»≠,"17,505"
570,2018-07-25,Ω≈√Ã,ºˆ,"18,376"
571,2018-07-26,Ω≈√Ã,∏Ò,"19,351"
572,2018-07-27,Ω≈√Ã,±›,"19,232"
573,2018-07-28,Ω≈√Ã,≈‰,"14,786"
574,2018-07-29,Ω≈√Ã,¿œ,"11,209"
575,2018-07-30,Ω≈√Ã,ø˘,"15,911"
576,2018-07-31,Ω≈√Ã,»≠,"16,713"
577,2018-08-01,Ω≈√Ã,ºˆ,"17,428"
578,2018-08-02,Ω≈√Ã,∏Ò,"17,111"
579,2018-08-03,Ω≈√Ã,±›,"17,809"
580,2018-08-04,Ω≈√Ã,≈‰,"13,954"
581,2018-08-05,Ω≈√Ã,¿œ,"10,341"
582,2018-08-06,Ω≈√Ã,ø˘,"16,854"
583,2018-08-07,Ω≈√Ã,»≠,"17,882"
584,2018-08-08,Ω≈√Ã,ºˆ,"18,016"
585,2018-08-09,Ω≈√Ã,∏Ò,"17,977"
586,2018-08-10,Ω≈√Ã,±›,"18,947"
587,2018-08-11,Ω≈√Ã,≈‰,"15,623"
588,2018-08-12,Ω≈√Ã,¿œ,"11,044"
589,2018-08-13,Ω≈√Ã,ø˘,"16,643"
590,2018-08-14,Ω≈√Ã,»≠,"18,111"
591,2018-08-15,Ω≈√Ã,ºˆ,"12,166"
592,2018-08-16,Ω≈√Ã,∏Ò,"17,961"
593,2018-08-17,Ω≈√Ã,±›,"19,519"
594,2018-08-18,Ω≈√Ã,≈‰,"14,990"
595,2018-08-19,Ω≈√Ã,¿œ,"10,784"
596,2018-08-20,Ω≈√Ã,ø˘,"16,661"
597,2018-08-21,Ω≈√Ã,»≠,"17,473"
598,2018-08-22,Ω≈√Ã,ºˆ,"17,778"
599,2018-08-23,Ω≈√Ã,∏Ò,"15,997"
600,2018-08-24,Ω≈√Ã,±›,"17,419"
601,2018-08-25,Ω≈√Ã,≈‰,"16,198"
602,2018-08-26,Ω≈√Ã,¿œ,"10,585"
603,2018-08-27,Ω≈√Ã,ø˘,"16,352"
604,2018-08-28,Ω≈√Ã,»≠,"17,018"
605,2018-08-29,Ω≈√Ã,ºˆ,"16,932"
606,2018-08-30,Ω≈√Ã,∏Ò,"18,133"
607,2018-08-31,Ω≈√Ã,±›,"20,211"
608,2018-09-01,Ω≈√Ã,≈‰,"16,500"
609,2018-09-02,Ω≈√Ã,¿œ,"11,493"
610,2018-09-03,Ω≈√Ã,ø˘,"17,866"
611,2018-09-04,Ω≈√Ã,»≠,"18,871"
612,2018-09-05,Ω≈√Ã,ºˆ,"19,648"
613,2018-09-06,Ω≈√Ã,∏Ò,"19,980"
614,2018-09-07,Ω≈√Ã,±›,"21,860"
615,2018-09-08,Ω≈√Ã,≈‰,"19,128"
616,2018-09-09,Ω≈√Ã,¿œ,"12,658"
617,2018-09-10,Ω≈√Ã,ø˘,"18,382"
618,2018-09-11,Ω≈√Ã,»≠,"18,973"
619,2018-09-12,Ω≈√Ã,ºˆ,"19,598"
620,2018-09-13,Ω≈√Ã,∏Ò,"18,716"
621,2018-09-14,Ω≈√Ã,±›,"21,558"
622,2018-09-15,Ω≈√Ã,≈‰,"17,525"
623,2018-09-16,Ω≈√Ã,¿œ,"11,569"
624,2018-09-17,Ω≈√Ã,ø˘,"17,893"
625,2018-09-18,Ω≈√Ã,»≠,"18,565"
626,2018-09-19,Ω≈√Ã,ºˆ,"20,300"
627,2018-09-20,Ω≈√Ã,∏Ò,"18,641"
628,2018-09-21,Ω≈√Ã,±›,"20,898"
629,2018-09-22,Ω≈√Ã,≈‰,"13,107"
630,2018-09-23,Ω≈√Ã,¿œ,"7,829"
631,2018-09-24,Ω≈√Ã,ø˘,"5,260"
632,2018-09-25,Ω≈√Ã,»≠,"8,349"
633,2018-09-26,Ω≈√Ã,ºˆ,"10,591"
634,2018-09-27,Ω≈√Ã,∏Ò,"17,718"
635,2018-09-28,Ω≈√Ã,±›,"19,965"
636,2018-09-29,Ω≈√Ã,≈‰,"16,588"
637,2018-09-30,Ω≈√Ã,¿œ,"11,179"
638,2018-10-01,Ω≈√Ã,ø˘,"17,218"
639,2018-10-02,Ω≈√Ã,»≠,"19,074"
640,2018-10-03,Ω≈√Ã,ºˆ,"12,511"
641,2018-10-04,Ω≈√Ã,∏Ò,"18,812"
642,2018-10-05,Ω≈√Ã,±›,"19,005"
643,2018-10-06,Ω≈√Ã,≈‰,"16,525"
644,2018-10-07,Ω≈√Ã,¿œ,"11,736"
645,2018-10-08,Ω≈√Ã,ø˘,"18,832"
646,2018-10-09,Ω≈√Ã,»≠,"11,673"
647,2018-10-10,Ω≈√Ã,ºˆ,"17,504"
648,2018-10-11,Ω≈√Ã,∏Ò,"18,263"
649,2018-10-12,Ω≈√Ã,±›,"20,099"
650,2018-10-13,Ω≈√Ã,≈‰,"17,853"
651,2018-10-14,Ω≈√Ã,¿œ,"11,273"
652,2018-10-15,Ω≈√Ã,ø˘,"16,633"
653,2018-10-16,Ω≈√Ã,»≠,"18,399"
654,2018-10-17,Ω≈√Ã,ºˆ,"17,704"
655,2018-10-18,Ω≈√Ã,∏Ò,"18,173"
656,2018-10-19,Ω≈√Ã,±›,"19,293"
657,2018-10-20,Ω≈√Ã,≈‰,"17,111"
658,2018-10-21,Ω≈√Ã,¿œ,"11,528"
659,2018-10-22,Ω≈√Ã,ø˘,"16,373"
660,2018-10-23,Ω≈√Ã,»≠,"17,123"
661,2018-10-24,Ω≈√Ã,ºˆ,"17,657"
662,2018-10-25,Ω≈√Ã,∏Ò,"19,297"
663,2018-10-26,Ω≈√Ã,±›,"20,264"
664,2018-10-27,Ω≈√Ã,≈‰,"20,078"
665,2018-10-28,Ω≈√Ã,¿œ,"13,327"
666,2018-10-29,Ω≈√Ã,ø˘,"18,711"
667,2018-10-30,Ω≈√Ã,»≠,"19,317"
668,2018-10-31,Ω≈√Ã,ºˆ,"19,257"
669,2018-11-01,Ω≈√Ã,∏Ò,"19,808"
670,2018-11-02,Ω≈√Ã,±›,"21,323"
671,2018-11-03,Ω≈√Ã,≈‰,"20,129"
672,2018-11-04,Ω≈√Ã,¿œ,"12,690"
673,2018-11-05,Ω≈√Ã,ø˘,"17,802"
674,2018-11-06,Ω≈√Ã,»≠,"18,825"
675,2018-11-07,Ω≈√Ã,ºˆ,"19,046"
676,2018-11-08,Ω≈√Ã,∏Ò,"18,292"
677,2018-11-09,Ω≈√Ã,±›,"21,293"
678,2018-11-10,Ω≈√Ã,≈‰,"20,600"
679,2018-11-11,Ω≈√Ã,¿œ,"12,405"
680,2018-11-12,Ω≈√Ã,ø˘,"18,538"
681,2018-11-13,Ω≈√Ã,»≠,"19,526"
682,2018-11-14,Ω≈√Ã,ºˆ,"18,964"
683,2018-11-15,Ω≈√Ã,∏Ò,"19,355"
684,2018-11-16,Ω≈√Ã,±›,"21,442"
685,2018-11-17,Ω≈√Ã,≈‰,"21,654"
686,2018-11-18,Ω≈√Ã,¿œ,"13,145"
687,2018-11-19,Ω≈√Ã,ø˘,"18,576"
688,2018-11-20,Ω≈√Ã,»≠,"19,230"
689,2018-11-21,Ω≈√Ã,ºˆ,"18,786"
690,2018-11-22,Ω≈√Ã,∏Ò,"20,239"
691,2018-11-23,Ω≈√Ã,±›,"21,220"
692,2018-11-24,Ω≈√Ã,≈‰,"19,270"
693,2018-11-25,Ω≈√Ã,¿œ,"12,105"
694,2018-11-26,Ω≈√Ã,ø˘,"17,680"
695,2018-11-27,Ω≈√Ã,»≠,"18,448"
696,2018-11-28,Ω≈√Ã,ºˆ,"18,272"
697,2018-11-29,Ω≈√Ã,∏Ò,"18,940"
698,2018-11-30,Ω≈√Ã,±›,"20,873"
699,2018-12-01,Ω≈√Ã,≈‰,"18,612"
700,2018-12-02,Ω≈√Ã,¿œ,"11,337"
701,2018-12-03,Ω≈√Ã,ø˘,"16,458"
702,2018-12-04,Ω≈√Ã,»≠,"17,784"
703,2018-12-05,Ω≈√Ã,ºˆ,"17,560"
704,2018-12-06,Ω≈√Ã,∏Ò,"18,360"
705,2018-12-07,Ω≈√Ã,±›,"20,477"
706,2018-12-08,Ω≈√Ã,≈‰,"17,956"
707,2018-12-09,Ω≈√Ã,¿œ,"10,620"
708,2018-12-10,Ω≈√Ã,ø˘,"16,616"
709,2018-12-11,Ω≈√Ã,»≠,"17,092"
710,2018-12-12,Ω≈√Ã,ºˆ,"17,764"
711,2018-12-13,Ω≈√Ã,∏Ò,"17,710"
712,2018-12-14,Ω≈√Ã,±›,"19,507"
713,2018-12-15,Ω≈√Ã,≈‰,"17,789"
714,2018-12-16,Ω≈√Ã,¿œ,"11,092"
715,2018-12-17,Ω≈√Ã,ø˘,"16,784"
716,2018-12-18,Ω≈√Ã,»≠,"17,780"
717,2018-12-19,Ω≈√Ã,ºˆ,"18,564"
718,2018-12-20,Ω≈√Ã,∏Ò,"18,984"
719,2018-12-21,Ω≈√Ã,±›,"21,872"
720,2018-12-22,Ω≈√Ã,≈‰,"19,993"
721,2018-12-23,Ω≈√Ã,¿œ,"14,929"
722,2018-12-24,Ω≈√Ã,ø˘,"24,006"
723,2018-12-25,Ω≈√Ã,»≠,"17,624"
724,2018-12-26,Ω≈√Ã,ºˆ,"19,247"
725,2018-12-27,Ω≈√Ã,∏Ò,"18,874"
726,2018-12-28,Ω≈√Ã,±›,"20,617"
727,2018-12-29,Ω≈√Ã,≈‰,"17,409"
728,2018-12-30,Ω≈√Ã,¿œ,"12,477"
729,2018-12-31,Ω≈√Ã,ø˘,"18,494"
730,2019-01-01,Ω≈√Ã,»≠,"8,312"
731,2019-01-02,Ω≈√Ã,ºˆ,"17,600"
732,2019-01-03,Ω≈√Ã,∏Ò,"17,837"
733,2019-01-04,Ω≈√Ã,±›,"19,108"
734,2019-01-05,Ω≈√Ã,≈‰,"17,633"
735,2019-01-06,Ω≈√Ã,¿œ,"10,897"
736,2019-01-07,Ω≈√Ã,ø˘,"17,030"
737,2019-01-08,Ω≈√Ã,»≠,"17,902"
738,2019-01-09,Ω≈√Ã,ºˆ,"17,173"
739,2019-01-10,Ω≈√Ã,∏Ò,"17,795"
740,2019-01-11,Ω≈√Ã,±›,"19,493"
741,2019-01-12,Ω≈√Ã,≈‰,"16,898"
742,2019-01-13,Ω≈√Ã,¿œ,"11,371"
743,2019-01-14,Ω≈√Ã,ø˘,"16,312"
744,2019-01-15,Ω≈√Ã,»≠,"17,021"
745,2019-01-16,Ω≈√Ã,ºˆ,"17,805"
746,2019-01-17,Ω≈√Ã,∏Ò,"18,023"
747,2019-01-18,Ω≈√Ã,±›,"19,558"
748,2019-01-19,Ω≈√Ã,≈‰,"16,647"
749,2019-01-20,Ω≈√Ã,¿œ,"11,006"
750,2019-01-21,Ω≈√Ã,ø˘,"16,202"
751,2019-01-22,Ω≈√Ã,»≠,"17,077"
752,2019-01-23,Ω≈√Ã,ºˆ,"17,395"
753,2019-01-24,Ω≈√Ã,∏Ò,"16,828"
754,2019-01-25,Ω≈√Ã,±›,"18,914"
755,2019-01-26,Ω≈√Ã,≈‰,"17,291"
756,2019-01-27,Ω≈√Ã,¿œ,"11,302"
757,2019-01-28,Ω≈√Ã,ø˘,"16,716"
758,2019-01-29,Ω≈√Ã,»≠,"17,335"
759,2019-01-30,Ω≈√Ã,ºˆ,"17,648"
760,2019-01-31,Ω≈√Ã,∏Ò,"17,466"
761,2019-02-01,Ω≈√Ã,±›,"18,889"
762,2019-02-02,Ω≈√Ã,≈‰,"12,104"
763,2019-02-03,Ω≈√Ã,¿œ,"7,533"
764,2019-02-04,Ω≈√Ã,ø˘,"5,804"
765,2019-02-05,Ω≈√Ã,»≠,"4,508"
766,2019-02-06,Ω≈√Ã,ºˆ,"7,879"
767,2019-02-07,Ω≈√Ã,∏Ò,"16,759"
768,2019-02-08,Ω≈√Ã,±›,"18,972"
769,2019-02-09,Ω≈√Ã,≈‰,"17,023"
770,2019-02-10,Ω≈√Ã,¿œ,"11,136"
771,2019-02-11,Ω≈√Ã,ø˘,"16,444"
772,2019-02-12,Ω≈√Ã,»≠,"17,298"
773,2019-02-13,Ω≈√Ã,ºˆ,"17,891"
774,2019-02-14,Ω≈√Ã,∏Ò,"18,529"
775,2019-02-15,Ω≈√Ã,±›,"19,377"
776,2019-02-16,Ω≈√Ã,≈‰,"18,135"
777,2019-02-17,Ω≈√Ã,¿œ,"12,091"
778,2019-02-18,Ω≈√Ã,ø˘,"16,700"
779,2019-02-19,Ω≈√Ã,»≠,"17,174"
780,2019-02-20,Ω≈√Ã,ºˆ,"18,482"
781,2019-02-21,Ω≈√Ã,∏Ò,"17,902"
782,2019-02-22,Ω≈√Ã,±›,"20,080"
783,2019-02-23,Ω≈√Ã,≈‰,"17,382"
784,2019-02-24,Ω≈√Ã,¿œ,"12,215"
785,2019-02-25,Ω≈√Ã,ø˘,"18,005"
786,2019-02-26,Ω≈√Ã,»≠,"17,476"
787,2019-02-27,Ω≈√Ã,ºˆ,"17,874"
788,2019-02-28,Ω≈√Ã,∏Ò,"19,307"
789,2019-03-01,Ω≈√Ã,±›,"15,870"
790,2019-03-02,Ω≈√Ã,≈‰,"15,521"
791,2019-03-03,Ω≈√Ã,¿œ,"11,347"
792,2019-03-04,Ω≈√Ã,ø˘,"18,160"
793,2019-03-05,Ω≈√Ã,»≠,"18,276"
794,2019-03-06,Ω≈√Ã,ºˆ,"19,112"
795,2019-03-07,Ω≈√Ã,∏Ò,"20,087"
796,2019-03-08,Ω≈√Ã,±›,"22,338"
797,2019-03-09,Ω≈√Ã,≈‰,"18,962"
798,2019-03-10,Ω≈√Ã,¿œ,"12,642"
799,2019-03-11,Ω≈√Ã,ø˘,"18,916"
800,2019-03-12,Ω≈√Ã,»≠,"18,644"
801,2019-03-13,Ω≈√Ã,ºˆ,"19,268"
802,2019-03-14,Ω≈√Ã,∏Ò,"20,256"
803,2019-03-15,Ω≈√Ã,±›,"21,660"
804,2019-03-16,Ω≈√Ã,≈‰,"18,800"
805,2019-03-17,Ω≈√Ã,¿œ,"12,660"
806,2019-03-18,Ω≈√Ã,ø˘,"18,282"
807,2019-03-19,Ω≈√Ã,»≠,"19,022"
808,2019-03-20,Ω≈√Ã,ºˆ,"18,373"
809,2019-03-21,Ω≈√Ã,∏Ò,"19,376"
810,2019-03-22,Ω≈√Ã,±›,"21,914"
811,2019-03-23,Ω≈√Ã,≈‰,"18,472"
812,2019-03-24,Ω≈√Ã,¿œ,"12,604"
813,2019-03-25,Ω≈√Ã,ø˘,"17,790"
814,2019-03-26,Ω≈√Ã,»≠,"18,721"
815,2019-03-27,Ω≈√Ã,ºˆ,"19,091"
816,2019-03-28,Ω≈√Ã,∏Ò,"19,082"
817,2019-03-29,Ω≈√Ã,±›,"21,131"
818,2019-03-30,Ω≈√Ã,≈‰,"17,772"
819,2019-03-31,Ω≈√Ã,¿œ,"11,760"
820,2019-04-01,Ω≈√Ã,ø˘,"17,962"
821,2019-04-02,Ω≈√Ã,»≠,"18,239"
822,2019-04-03,Ω≈√Ã,ºˆ,"18,626"
823,2019-04-04,Ω≈√Ã,∏Ò,"19,048"
824,2019-04-05,Ω≈√Ã,±›,"20,839"
825,2019-04-06,Ω≈√Ã,≈‰,"17,372"
826,2019-04-07,Ω≈√Ã,¿œ,"11,806"
827,2019-04-08,Ω≈√Ã,ø˘,"17,674"
828,2019-04-09,Ω≈√Ã,»≠,"18,076"
829,2019-04-10,Ω≈√Ã,ºˆ,"18,038"
830,2019-04-11,Ω≈√Ã,∏Ò,"18,946"
831,2019-04-12,Ω≈√Ã,±›,"22,239"
832,2019-04-13,Ω≈√Ã,≈‰,"17,090"
833,2019-04-14,Ω≈√Ã,¿œ,"10,099"
834,2019-04-15,Ω≈√Ã,ø˘,"16,544"
835,2019-04-16,Ω≈√Ã,»≠,"17,389"
836,2019-04-17,Ω≈√Ã,ºˆ,"17,337"
837,2019-04-18,Ω≈√Ã,∏Ò,"17,522"
838,2019-04-19,Ω≈√Ã,±›,"17,996"
839,2019-04-20,Ω≈√Ã,≈‰,"14,720"
840,2019-04-21,Ω≈√Ã,¿œ,"9,395"
841,2019-04-22,Ω≈√Ã,ø˘,"15,497"
842,2019-04-23,Ω≈√Ã,»≠,"15,673"
843,2019-04-24,Ω≈√Ã,ºˆ,"16,052"
844,2019-04-25,Ω≈√Ã,∏Ò,"16,914"
845,2019-04-26,Ω≈√Ã,±›,"19,583"
846,2019-04-27,Ω≈√Ã,≈‰,"17,297"
847,2019-04-28,Ω≈√Ã,¿œ,"11,575"
848,2019-04-29,Ω≈√Ã,ø˘,"17,409"
849,2019-04-30,Ω≈√Ã,»≠,"19,573"
850,2019-05-01,Ω≈√Ã,ºˆ,"16,208"
851,2019-05-02,Ω≈√Ã,∏Ò,"19,521"
852,2019-05-03,Ω≈√Ã,±›,"21,301"
853,2019-05-04,Ω≈√Ã,≈‰,"16,084"
854,2019-05-05,Ω≈√Ã,¿œ,"11,932"
855,2019-05-06,Ω≈√Ã,ø˘,"11,937"
856,2019-05-07,Ω≈√Ã,»≠,"17,727"
857,2019-05-08,Ω≈√Ã,ºˆ,"18,586"
858,2019-05-09,Ω≈√Ã,∏Ò,"18,826"
859,2019-05-10,Ω≈√Ã,±›,"20,430"
860,2019-05-11,Ω≈√Ã,≈‰,"18,076"
861,2019-05-12,Ω≈√Ã,¿œ,"11,484"
862,2019-05-13,Ω≈√Ã,ø˘,"17,241"
863,2019-05-14,Ω≈√Ã,»≠,"18,408"
864,2019-05-15,Ω≈√Ã,ºˆ,"18,973"
865,2019-05-16,Ω≈√Ã,∏Ò,"19,253"
866,2019-05-17,Ω≈√Ã,±›,"20,038"
867,2019-05-18,Ω≈√Ã,≈‰,"17,421"
868,2019-05-19,Ω≈√Ã,¿œ,"11,472"
869,2019-05-20,Ω≈√Ã,ø˘,"17,599"
870,2019-05-21,Ω≈√Ã,»≠,"18,063"
871,2019-05-22,Ω≈√Ã,ºˆ,"18,375"
872,2019-05-23,Ω≈√Ã,∏Ò,"18,994"
873,2019-05-24,Ω≈√Ã,±›,"20,989"
874,2019-05-25,Ω≈√Ã,≈‰,"18,447"
875,2019-05-26,Ω≈√Ã,¿œ,"12,809"
876,2019-05-27,Ω≈√Ã,ø˘,"16,981"
877,2019-05-28,Ω≈√Ã,»≠,"17,952"
878,2019-05-29,Ω≈√Ã,ºˆ,"18,246"
879,2019-05-30,Ω≈√Ã,∏Ò,"18,646"
880,2019-05-31,Ω≈√Ã,±›,"19,748"
881,2019-06-01,Ω≈√Ã,≈‰,"16,072"
882,2019-06-02,Ω≈√Ã,¿œ,"10,203"
883,2019-06-03,Ω≈√Ã,ø˘,"16,703"
884,2019-06-04,Ω≈√Ã,»≠,"17,698"
885,2019-06-05,Ω≈√Ã,ºˆ,"18,150"
886,2019-06-06,Ω≈√Ã,∏Ò,"11,416"
887,2019-06-07,Ω≈√Ã,±›,"17,504"
888,2019-06-08,Ω≈√Ã,≈‰,"14,300"
889,2019-06-09,Ω≈√Ã,¿œ,"9,546"
890,2019-06-10,Ω≈√Ã,ø˘,"15,834"
891,2019-06-11,Ω≈√Ã,»≠,"16,729"
892,2019-06-12,Ω≈√Ã,ºˆ,"16,894"
893,2019-06-13,Ω≈√Ã,∏Ò,"17,320"
894,2019-06-14,Ω≈√Ã,±›,"18,212"
895,2019-06-15,Ω≈√Ã,≈‰,"14,684"
896,2019-06-16,Ω≈√Ã,¿œ,"9,527"
897,2019-06-17,Ω≈√Ã,ø˘,"15,357"
898,2019-06-18,Ω≈√Ã,»≠,"16,422"
899,2019-06-19,Ω≈√Ã,ºˆ,"16,581"
900,2019-06-20,Ω≈√Ã,∏Ò,"18,146"
901,2019-06-21,Ω≈√Ã,±›,"20,178"
902,2019-06-22,Ω≈√Ã,≈‰,"17,246"
903,2019-06-23,Ω≈√Ã,¿œ,"11,346"
904,2019-06-24,Ω≈√Ã,ø˘,"17,928"
905,2019-06-25,Ω≈√Ã,»≠,"17,988"
906,2019-06-26,Ω≈√Ã,ºˆ,"17,832"
907,2019-06-27,Ω≈√Ã,∏Ò,"17,643"
908,2019-06-28,Ω≈√Ã,±›,"19,594"
909,2019-06-29,Ω≈√Ã,≈‰,"16,049"
910,2019-06-30,Ω≈√Ã,¿œ,"11,108"
911,2019-07-01,Ω≈√Ã,ø˘,"17,153"
912,2019-07-02,Ω≈√Ã,»≠,"17,464"
913,2019-07-03,Ω≈√Ã,ºˆ,"18,360"
914,2019-07-04,Ω≈√Ã,∏Ò,"18,635"
915,2019-07-05,Ω≈√Ã,±›,"20,005"
916,2019-07-06,Ω≈√Ã,≈‰,"17,964"
917,2019-07-07,Ω≈√Ã,¿œ,"13,704"
918,2019-07-08,Ω≈√Ã,ø˘,"17,189"
919,2019-07-09,Ω≈√Ã,»≠,"18,125"
920,2019-07-10,Ω≈√Ã,ºˆ,"18,223"
921,2019-07-11,Ω≈√Ã,∏Ò,"18,382"
922,2019-07-12,Ω≈√Ã,±›,"19,387"
923,2019-07-13,Ω≈√Ã,≈‰,"16,015"
924,2019-07-14,Ω≈√Ã,¿œ,"11,116"
925,2019-07-15,Ω≈√Ã,ø˘,"17,053"
926,2019-07-16,Ω≈√Ã,»≠,"17,125"
927,2019-07-17,Ω≈√Ã,ºˆ,"17,867"
928,2019-07-18,Ω≈√Ã,∏Ò,"18,091"
929,2019-07-19,Ω≈√Ã,±›,"19,506"
930,2019-07-20,Ω≈√Ã,≈‰,"15,079"
931,2019-07-21,Ω≈√Ã,¿œ,"10,474"
932,2019-07-22,Ω≈√Ã,ø˘,"16,403"
933,2019-07-23,Ω≈√Ã,»≠,"17,277"
934,2019-07-24,Ω≈√Ã,ºˆ,"17,572"
935,2019-07-25,Ω≈√Ã,∏Ò,"16,997"
936,2019-07-26,Ω≈√Ã,±›,"17,713"
937,2019-07-27,Ω≈√Ã,≈‰,"15,104"
938,2019-07-28,Ω≈√Ã,¿œ,"9,900"
939,2019-07-29,Ω≈√Ã,ø˘,"16,765"
940,2019-07-30,Ω≈√Ã,»≠,"16,696"
941,2019-07-31,Ω≈√Ã,ºˆ,"16,101"
942,2019-08-01,Ω≈√Ã,∏Ò,"17,170"
943,2019-08-02,Ω≈√Ã,±›,"18,327"
944,2019-08-03,Ω≈√Ã,≈‰,"13,500"
945,2019-08-04,Ω≈√Ã,¿œ,"10,549"
946,2019-08-05,Ω≈√Ã,ø˘,"15,973"
947,2019-08-06,Ω≈√Ã,»≠,"17,211"
948,2019-08-07,Ω≈√Ã,ºˆ,"16,894"
949,2019-08-08,Ω≈√Ã,∏Ò,"17,212"
950,2019-08-09,Ω≈√Ã,±›,"18,448"
951,2019-08-10,Ω≈√Ã,≈‰,"14,845"
952,2019-08-11,Ω≈√Ã,¿œ,"11,122"
953,2019-08-12,Ω≈√Ã,ø˘,"16,159"
954,2019-08-13,Ω≈√Ã,»≠,"17,382"
955,2019-08-14,Ω≈√Ã,ºˆ,"18,243"
956,2019-08-15,Ω≈√Ã,∏Ò,"11,118"
957,2019-08-16,Ω≈√Ã,±›,"17,343"
958,2019-08-17,Ω≈√Ã,≈‰,"13,923"
959,2019-08-18,Ω≈√Ã,¿œ,"10,081"
960,2019-08-19,Ω≈√Ã,ø˘,"16,950"
961,2019-08-20,Ω≈√Ã,»≠,"17,483"
962,2019-08-21,Ω≈√Ã,ºˆ,"18,494"
963,2019-08-22,Ω≈√Ã,∏Ò,"17,357"
964,2019-08-23,Ω≈√Ã,±›,"18,582"
965,2019-08-24,Ω≈√Ã,≈‰,"15,198"
966,2019-08-25,Ω≈√Ã,¿œ,"10,384"
967,2019-08-26,Ω≈√Ã,ø˘,"16,661"
968,2019-08-27,Ω≈√Ã,»≠,"17,395"
969,2019-08-28,Ω≈√Ã,ºˆ,"17,492"
970,2019-08-29,Ω≈√Ã,∏Ò,"17,509"
971,2019-08-30,Ω≈√Ã,±›,"19,330"
972,2019-08-31,Ω≈√Ã,≈‰,"15,471"
973,2019-09-01,Ω≈√Ã,¿œ,"11,077"
974,2019-09-02,Ω≈√Ã,ø˘,"17,871"
975,2019-09-03,Ω≈√Ã,»≠,"19,031"
976,2019-09-04,Ω≈√Ã,ºˆ,"19,724"
977,2019-09-05,Ω≈√Ã,∏Ò,"18,366"
978,2019-09-06,Ω≈√Ã,±›,"19,989"
979,2019-09-07,Ω≈√Ã,≈‰,"9,545"
980,2019-09-08,Ω≈√Ã,¿œ,"11,595"
981,2019-09-09,Ω≈√Ã,ø˘,"18,567"
982,2019-09-10,Ω≈√Ã,»≠,"19,015"
983,2019-09-11,Ω≈√Ã,ºˆ,"19,646"
984,2019-09-12,Ω≈√Ã,∏Ò,"7,893"
985,2019-09-13,Ω≈√Ã,±›,"5,549"
986,2019-09-14,Ω≈√Ã,≈‰,"9,012"
987,2019-09-15,Ω≈√Ã,¿œ,"9,552"
988,2019-09-16,Ω≈√Ã,ø˘,"18,106"
989,2019-09-17,Ω≈√Ã,»≠,"18,965"
990,2019-09-18,Ω≈√Ã,ºˆ,"18,777"
991,2019-09-19,Ω≈√Ã,∏Ò,"19,576"
992,2019-09-20,Ω≈√Ã,±›,"23,318"
993,2019-09-21,Ω≈√Ã,≈‰,"20,478"
994,2019-09-22,Ω≈√Ã,¿œ,"11,303"
995,2019-09-23,Ω≈√Ã,ø˘,"18,051"
996,2019-09-24,Ω≈√Ã,»≠,"18,876"
997,2019-09-25,Ω≈√Ã,ºˆ,"19,042"
998,2019-09-26,Ω≈√Ã,∏Ò,"19,250"
999,2019-09-27,Ω≈√Ã,±›,"20,404"
1000,2019-09-28,Ω≈√Ã,≈‰,"16,740"
1001,2019-09-29,Ω≈√Ã,¿œ,"10,970"
1002,2019-09-30,Ω≈√Ã,ø˘,"17,253"
1003,2019-10-01,Ω≈√Ã,»≠,"18,035"
1004,2019-10-02,Ω≈√Ã,ºˆ,"19,503"
1005,2019-10-03,Ω≈√Ã,∏Ò,"13,421"
1006,2019-10-04,Ω≈√Ã,±›,"19,024"
1007,2019-10-05,Ω≈√Ã,≈‰,"17,939"
1008,2019-10-06,Ω≈√Ã,¿œ,"12,499"
1009,2019-10-07,Ω≈√Ã,ø˘,"16,606"
1010,2019-10-08,Ω≈√Ã,»≠,"19,576"
1011,2019-10-09,Ω≈√Ã,ºˆ,"13,116"
1012,2019-10-10,Ω≈√Ã,∏Ò,"18,487"
1013,2019-10-11,Ω≈√Ã,±›,"18,541"
1014,2019-10-12,Ω≈√Ã,≈‰,"16,959"
1015,2019-10-13,Ω≈√Ã,¿œ,"12,825"
1016,2019-10-14,Ω≈√Ã,ø˘,"16,587"
1017,2019-10-15,Ω≈√Ã,»≠,"18,170"
1018,2019-10-16,Ω≈√Ã,ºˆ,"18,193"
1019,2019-10-17,Ω≈√Ã,∏Ò,"18,340"
1020,2019-10-18,Ω≈√Ã,±›,"18,432"
1021,2019-10-19,Ω≈√Ã,≈‰,"16,143"
1022,2019-10-20,Ω≈√Ã,¿œ,"10,804"
1023,2019-10-21,Ω≈√Ã,ø˘,"16,045"
1024,2019-10-22,Ω≈√Ã,»≠,"17,123"
1025,2019-10-23,Ω≈√Ã,ºˆ,"17,099"
1026,2019-10-24,Ω≈√Ã,∏Ò,"18,084"
1027,2019-10-25,Ω≈√Ã,±›,"20,339"
1028,2019-10-26,Ω≈√Ã,≈‰,"18,756"
1029,2019-10-27,Ω≈√Ã,¿œ,"12,345"
1030,2019-10-28,Ω≈√Ã,ø˘,"17,747"
1031,2019-10-29,Ω≈√Ã,»≠,"19,150"
1032,2019-10-30,Ω≈√Ã,ºˆ,"19,201"
1033,2019-10-31,Ω≈√Ã,∏Ò,"19,328"
1034,2019-11-01,Ω≈√Ã,±›,"21,551"
1035,2019-11-02,Ω≈√Ã,≈‰,"17,366"
1036,2019-11-03,Ω≈√Ã,¿œ,"12,080"
1037,2019-11-04,Ω≈√Ã,ø˘,"18,064"
1038,2019-11-05,Ω≈√Ã,»≠,"18,513"
1039,2019-11-06,Ω≈√Ã,ºˆ,"19,054"
1040,2019-11-07,Ω≈√Ã,∏Ò,"19,656"
1041,2019-11-08,Ω≈√Ã,±›,"21,330"
1042,2019-11-09,Ω≈√Ã,≈‰,"17,790"
1043,2019-11-10,Ω≈√Ã,¿œ,"12,315"
1044,2019-11-11,Ω≈√Ã,ø˘,"18,361"
1045,2019-11-12,Ω≈√Ã,»≠,"18,478"
1046,2019-11-13,Ω≈√Ã,ºˆ,"17,860"
1047,2019-11-14,Ω≈√Ã,∏Ò,"19,732"
1048,2019-11-15,Ω≈√Ã,±›,"20,741"
1049,2019-11-16,Ω≈√Ã,≈‰,"19,292"
1050,2019-11-17,Ω≈√Ã,¿œ,"10,650"
1051,2019-11-18,Ω≈√Ã,ø˘,"18,000"
1052,2019-11-19,Ω≈√Ã,»≠,"18,594"
1053,2019-11-20,Ω≈√Ã,ºˆ,"18,275"
1054,2019-11-21,Ω≈√Ã,∏Ò,"19,385"
1055,2019-11-22,Ω≈√Ã,±›,"21,391"
1056,2019-11-23,Ω≈√Ã,≈‰,"18,216"
1057,2019-11-24,Ω≈√Ã,¿œ,"11,374"
1058,2019-11-25,Ω≈√Ã,ø˘,"17,389"
1059,2019-11-26,Ω≈√Ã,»≠,"18,293"
1060,2019-11-27,Ω≈√Ã,ºˆ,"18,576"
1061,2019-11-28,Ω≈√Ã,∏Ò,"19,123"
1062,2019-11-29,Ω≈√Ã,±›,"20,157"
1063,2019-11-30,Ω≈√Ã,≈‰,"18,624"
1064,2019-12-01,Ω≈√Ã,¿œ,"10,591"
1065,2019-12-02,Ω≈√Ã,ø˘,"17,577"
1066,2019-12-03,Ω≈√Ã,»≠,"18,054"
1067,2019-12-04,Ω≈√Ã,ºˆ,"18,105"
1068,2019-12-05,Ω≈√Ã,∏Ò,"18,925"
1069,2019-12-06,Ω≈√Ã,±›,"19,232"
1070,2019-12-07,Ω≈√Ã,≈‰,"16,962"
1071,2019-12-08,Ω≈√Ã,¿œ,"10,770"
1072,2019-12-09,Ω≈√Ã,ø˘,"16,277"
1073,2019-12-10,Ω≈√Ã,»≠,"17,150"
1074,2019-12-11,Ω≈√Ã,ºˆ,"17,218"
1075,2019-12-12,Ω≈√Ã,∏Ò,"17,842"
1076,2019-12-13,Ω≈√Ã,±›,"19,631"
1077,2019-12-14,Ω≈√Ã,≈‰,"17,610"
1078,2019-12-15,Ω≈√Ã,¿œ,"10,354"
1079,2019-12-16,Ω≈√Ã,ø˘,"16,740"
1080,2019-12-17,Ω≈√Ã,»≠,"17,137"
1081,2019-12-18,Ω≈√Ã,ºˆ,"18,367"
1082,2019-12-19,Ω≈√Ã,∏Ò,"18,788"
1083,2019-12-20,Ω≈√Ã,±›,"21,683"
1084,2019-12-21,Ω≈√Ã,≈‰,"19,992"
1085,2019-12-22,Ω≈√Ã,¿œ,"13,657"
1086,2019-12-23,Ω≈√Ã,ø˘,"19,571"
1087,2019-12-24,Ω≈√Ã,»≠,"23,620"
1088,2019-12-25,Ω≈√Ã,ºˆ,"17,023"
1089,2019-12-26,Ω≈√Ã,∏Ò,"19,414"
1090,2019-12-27,Ω≈√Ã,±›,"21,191"
1091,2019-12-28,Ω≈√Ã,≈‰,"18,477"
1092,2019-12-29,Ω≈√Ã,¿œ,"11,802"
1093,2019-12-30,Ω≈√Ã,ø˘,"19,220"
1094,2019-12-31,Ω≈√Ã,»≠,"18,866"
